month,production_kb,demand_kb,imports_kb,exports_kb,net_receipts_kb,adjustments_kb,transfers_kb,direct_use_kb,stock_kb,commercial_stock_kb,spr_stock_kb,balance_kb,accounting_residual_kb,five_term_balance_kb,five_term_residual_kb,jodi_CLOSTLV,jodi_INDPROD,jodi_REFINOBS,jodi_STATDIFF,jodi_STOCKCH,jodi_TOTEXPSB,jodi_TOTIMPSB
2007-01-01,158342.0,464739.0,316538.0,294.0,0.0,1667.0,0.0,0.0,995938.0,307333.0,688605.0,11514.0,,9847.0,,906974.0,158342.0,464739.0,,11093.0,294.0,315967.0
2007-02-01,143301.0,404184.0,252238.0,703.0,0.0,2301.0,0.0,0.0,988891.0,300287.0,688604.0,-7047.0,0.0,-9348.0,2301.0,902844.0,143301.0,404184.0,,-4130.0,703.0,253372.0
2007-03-01,158697.0,460039.0,321781.0,1047.0,0.0,-6140.0,0.0,0.0,1002143.0,313541.0,688602.0,13252.0,0.0,19392.0,-6140.0,912043.0,158697.0,460039.0,,9199.0,1047.0,320793.0
2007-04-01,155406.0,451360.0,304815.0,573.0,0.0,3753.0,0.0,0.0,1014183.0,324791.0,689392.0,12041.0,-1.0,8288.0,3752.0,920316.0,155407.0,451360.0,,8273.0,573.0,305431.0
2007-05-01,161547.0,476790.0,320168.0,1117.0,0.0,8367.0,0.0,0.0,1026358.0,336088.0,690270.0,12175.0,0.0,3808.0,8367.0,929048.0,161548.0,476790.0,,8732.0,1117.0,319040.0
2007-06-01,152255.0,457432.0,300437.0,1565.0,0.0,7170.0,0.0,0.0,1027223.0,336953.0,690270.0,865.0,0.0,-6305.0,7170.0,931408.0,152254.0,457432.0,,2360.0,1565.0,299477.0
2007-07-01,156176.0,485807.0,308120.0,823.0,0.0,4861.0,0.0,0.0,1009750.0,319480.0,690270.0,-17473.0,0.0,-22334.0,4861.0,917696.0,156175.0,485807.0,,-13712.0,822.0,306950.0
2007-08-01,154061.0,486242.0,319805.0,1308.0,0.0,-2159.0,0.0,0.0,993907.0,303470.0,690437.0,-15843.0,0.0,-13684.0,-2159.0,907543.0,154060.0,486242.0,,-10153.0,1307.0,318808.0
2007-09-01,147060.0,456777.0,309200.0,1013.0,0.0,-5535.0,0.0,0.0,986844.0,294041.0,692803.0,-7065.0,2.0,-1530.0,-5533.0,906678.0,147061.0,456777.0,,-865.0,1013.0,309442.0
2007-10-01,155680.0,462926.0,303317.0,337.0,0.0,1583.0,0.0,0.0,984162.0,290033.0,694129.0,-2683.0,1.0,-4266.0,1584.0,903940.0,155680.0,462926.0,,-2738.0,337.0,303052.0
2007-11-01,151020.0,454535.0,300115.0,603.0,0.0,-2477.0,0.0,0.0,977683.0,282180.0,695503.0,-6480.0,1.0,-4003.0,-2476.0,900906.0,151021.0,454535.0,,-3034.0,603.0,299338.0
2007-12-01,158428.0,471266.0,304870.0,625.0,0.0,-3756.0,0.0,0.0,965334.0,268393.0,696941.0,-12349.0,0.0,-8593.0,-3756.0,890242.0,158427.0,471266.0,,-10664.0,626.0,304500.0
2008-01-01,158567.0,458931.0,312536.0,363.0,0.0,-66.0,0.0,0.0,977076.0,278727.0,698349.0,11743.0,-1.0,11809.0,-67.0,899825.0,158566.0,458931.0,,9583.0,364.0,312536.0
2008-02-01,149297.0,424130.0,279439.0,578.0,0.0,2345.0,0.0,0.0,983449.0,284627.0,698822.0,6373.0,0.0,4028.0,2345.0,903562.0,149297.0,424130.0,,3737.0,578.0,279439.0
2008-03-01,160868.0,445289.0,298712.0,911.0,0.0,761.0,0.0,0.0,997590.0,297218.0,700372.0,14141.0,0.0,13380.0,761.0,914662.0,160868.0,445289.0,,11100.0,910.0,298712.0
2008-04-01,155404.0,443966.0,299373.0,420.0,0.0,-4274.0,0.0,0.0,1003707.0,302239.0,701468.0,6117.0,0.0,10391.0,-4274.0,919221.0,155403.0,443966.0,,4559.0,419.0,299373.0
2008-05-01,159436.0,473155.0,299584.0,581.0,0.0,1412.0,0.0,0.0,990403.0,286150.0,704253.0,-13304.0,0.0,-14716.0,1412.0,910577.0,159437.0,473155.0,,-8644.0,581.0,299584.0
2008-06-01,154133.0,462522.0,300528.0,658.0,0.0,2325.0,0.0,0.0,984209.0,278254.0,705955.0,-6194.0,0.0,-8519.0,2325.0,905856.0,154133.0,462522.0,,-4721.0,659.0,300528.0
2008-07-01,160482.0,472919.0,314092.0,894.0,0.0,94.0,0.0,0.0,985063.0,277848.0,707215.0,855.0,-1.0,761.0,93.0,906174.0,160481.0,472919.0,,318.0,894.0,314092.0
2008-08-01,155091.0,463366.0,320049.0,1234.0,0.0,-3377.0,0.0,0.0,992226.0,285014.0,707212.0,7163.0,0.0,10540.0,-3377.0,911421.0,155092.0,463366.0,,5247.0,1234.0,320049.0
2008-09-01,119208.0,382781.0,253396.0,1173.0,0.0,8021.0,0.0,0.0,988897.0,286462.0,702435.0,-3329.0,0.0,-11350.0,8021.0,907003.0,119208.0,382781.0,,-4418.0,1173.0,253396.0
2008-10-01,146869.0,451125.0,312681.0,1321.0,0.0,990.0,0.0,0.0,996991.0,295160.0,701831.0,8094.0,0.0,7104.0,990.0,911347.0,146868.0,451125.0,,4344.0,1321.0,312681.0
2008-11-01,152343.0,438184.0,298309.0,916.0,0.0,-2704.0,0.0,0.0,1005839.0,304011.0,701828.0,8848.0,0.0,11552.0,-2704.0,915395.0,152343.0,438184.0,,4048.0,916.0,298309.0
2008-12-01,158184.0,444919.0,291995.0,1413.0,0.0,383.0,0.0,0.0,1010068.0,308245.0,701823.0,4230.0,-1.0,3847.0,382.0,914980.0,158183.0,444919.0,,-415.0,1413.0,291995.0
2009-01-01,159468.0,438531.0,303136.0,1121.0,0.0,3921.0,0.0,0.0,1036940.0,333154.0,703786.0,26873.0,-1.0,22952.0,3920.0,935656.0,159467.0,438531.0,4554.0,20676.0,1122.0,305416.0
2009-02-01,146698.0,395745.0,254061.0,832.0,0.0,3705.0,0.0,0.0,1044826.0,339285.0,705541.0,7887.0,-1.0,4182.0,3704.0,938823.0,146698.0,395745.0,4688.0,3167.0,833.0,257735.0
2009-03-01,161776.0,437672.0,290728.0,943.0,0.0,2513.0,0.0,0.0,1061228.0,348428.0,712800.0,16402.0,0.0,13889.0,2513.0,953571.0,161776.0,437672.0,1077.0,14748.0,943.0,292664.0
2009-04-01,158344.0,431469.0,281218.0,798.0,0.0,2436.0,0.0,0.0,1070957.0,352171.0,718786.0,9731.0,-2.0,7295.0,2434.0,960180.0,158344.0,431469.0,1652.0,6609.0,799.0,282185.0
2009-05-01,166684.0,448961.0,272716.0,1633.0,0.0,3042.0,0.0,0.0,1062804.0,341106.0,721698.0,-8152.0,-1.0,-11194.0,3041.0,957730.0,166684.0,448961.0,-4592.0,-2450.0,1634.0,276869.0
2009-06-01,158079.0,445507.0,274054.0,1699.0,0.0,5022.0,0.0,0.0,1052755.0,328657.0,724098.0,-10051.0,2.0,-15073.0,5024.0,951721.0,158079.0,445507.0,-7957.0,-6009.0,1698.0,275160.0
2009-07-01,167336.0,453727.0,281911.0,970.0,0.0,4003.0,0.0,0.0,1051308.0,327214.0,724094.0,-1447.0,0.0,-5450.0,4003.0,949746.0,167336.0,453727.0,637.0,-1975.0,971.0,286024.0
2009-08-01,167945.0,452372.0,273235.0,1092.0,0.0,2614.0,0.0,0.0,1041638.0,317546.0,724092.0,-9670.0,0.0,-12284.0,2614.0,944418.0,167945.0,452372.0,-4819.0,-5328.0,1091.0,275371.0
2009-09-01,166766.0,441304.0,277619.0,1266.0,0.0,-1292.0,0.0,0.0,1042160.0,317074.0,725086.0,523.0,-1.0,1815.0,-1293.0,944580.0,166765.0,441304.0,735.0,162.0,1265.0,276701.0
2009-10-01,171257.0,436954.0,265536.0,2240.0,0.0,-269.0,0.0,0.0,1039490.0,314409.0,725081.0,-2670.0,0.0,-2401.0,-269.0,943271.0,171258.0,436954.0,-1092.0,-1309.0,2241.0,265536.0
2009-11-01,161838.0,416928.0,262201.0,1365.0,0.0,-260.0,0.0,0.0,1044975.0,318846.0,726129.0,5486.0,-1.0,5746.0,-261.0,947762.0,161838.0,416928.0,323.0,4491.0,1365.0,261269.0
2009-12-01,169003.0,433486.0,253260.0,2022.0,0.0,2026.0,0.0,0.0,1033756.0,307140.0,726616.0,-11219.0,0.0,-13245.0,2026.0,939807.0,169004.0,433486.0,-6421.0,-7955.0,2022.0,252128.0
2010-01-01,167528.0,423661.0,263249.0,1008.0,0.0,2853.0,0.0,0.0,1042716.0,316104.0,726612.0,8961.0,-1.0,6108.0,2852.0,942908.0,167529.0,423661.0,1842.0,3101.0,1008.0,262083.0
2010-02-01,155495.0,390593.0,245302.0,1622.0,0.0,-2316.0,0.0,0.0,1048983.0,322375.0,726608.0,6266.0,1.0,8582.0,-2315.0,946282.0,155496.0,390593.0,2952.0,3374.0,1621.0,243044.0
2010-03-01,170977.0,443724.0,289582.0,1394.0,0.0,625.0,0.0,0.0,1065046.0,338442.0,726604.0,16066.0,-3.0,15441.0,622.0,957301.0,170976.0,443724.0,2898.0,11019.0,1395.0,288060.0
2010-04-01,161769.0,453925.0,291766.0,1095.0,0.0,5673.0,0.0,0.0,1069234.0,342635.0,726599.0,4188.0,0.0,-1485.0,5673.0,960187.0,161769.0,453925.0,-3918.0,2886.0,1095.0,292219.0
2010-05-01,167426.0,471668.0,299304.0,1122.0,0.0,4699.0,0.0,0.0,1067876.0,341282.0,726594.0,-1361.0,3.0,-6060.0,4702.0,958108.0,167427.0,471668.0,-5008.0,-2079.0,1121.0,298275.0
2010-06-01,161384.0,461454.0,297814.0,937.0,0.0,6895.0,0.0,0.0,1071579.0,344988.0,726591.0,3702.0,1.0,-3193.0,6896.0,962311.0,161385.0,461454.0,-824.0,4203.0,937.0,304385.0
2010-07-01,164234.0,481087.0,307894.0,2141.0,1.0,3123.0,0.0,0.0,1063603.0,337017.0,726586.0,-7976.0,0.0,-11100.0,3124.0,956946.0,164234.0,481087.0,-7041.0,-5365.0,2140.0,306587.0
2010-08-01,168867.0,468408.0,295837.0,1112.0,0.0,6514.0,0.0,0.0,1065300.0,338719.0,726581.0,1698.0,-1.0,-4816.0,6513.0,957109.0,168867.0,468408.0,-6760.0,163.0,1113.0,294057.0
2010-09-01,168473.0,442204.0,276863.0,1839.0,0.0,2238.0,0.0,0.0,1068831.0,342318.0,726513.0,3531.0,0.0,1293.0,2238.0,957930.0,168473.0,442204.0,-1352.0,821.0,1838.0,275038.0
2010-10-01,174548.0,434001.0,264726.0,728.0,-1.0,4.0,0.0,0.0,1073380.0,346830.0,726550.0,4548.0,1.0,4545.0,4.0,962525.0,174547.0,434001.0,-1604.0,4595.0,728.0,263173.0
2010-11-01,167271.0,439110.0,260966.0,953.0,-1.0,-3565.0,0.0,0.0,1057989.0,331442.0,726547.0,-15392.0,1.0,-11826.0,-3565.0,951670.0,167272.0,439110.0,-3709.0,-10855.0,953.0,258227.0
2010-12-01,173832.0,464259.0,269553.0,1249.0,0.0,2761.0,0.0,0.0,1038627.0,312082.0,726545.0,-19362.0,0.0,-22123.0,2761.0,940237.0,173831.0,464259.0,-12691.0,-11433.0,1249.0,267553.0
2011-01-01,170392.0,447107.0,284678.0,2228.0,0.0,5638.0,0.0,0.0,1050002.0,323459.0,726543.0,11373.0,2.0,5735.0,5640.0,949346.0,170393.0,447107.0,-6912.0,9109.0,2228.0,281139.0
2011-02-01,151354.0,382929.0,229140.0,847.0,-1.0,6635.0,0.0,0.0,1053356.0,326814.0,726542.0,3352.0,2.0,-3282.0,6636.0,949043.0,151354.0,382929.0,-7755.0,-303.0,847.0,224364.0
2011-03-01,174157.0,447988.0,284677.0,1126.0,-1.0,1886.0,0.0,0.0,1064963.0,338421.0,726542.0,11605.0,2.0,9720.0,1887.0,959484.0,174158.0,447988.0,-5381.0,10441.0,1126.0,280016.0
2011-04-01,166858.0,426917.0,265167.0,1226.0,0.0,2112.0,0.0,0.0,1070955.0,344413.0,726542.0,5994.0,-2.0,3882.0,2110.0,963672.0,166858.0,426917.0,-4037.0,4188.0,1227.0,261437.0
2011-05-01,174364.0,456252.0,280840.0,1147.0,-1.0,3855.0,0.0,0.0,1072614.0,346072.0,726542.0,1659.0,0.0,-2195.0,3854.0,964553.0,174363.0,456252.0,-5288.0,881.0,1148.0,278630.0
2011-06-01,167673.0,458825.0,277050.0,1067.0,-1.0,2785.0,0.0,0.0,1060230.0,333699.0,726531.0,-12385.0,1.0,-15169.0,2785.0,958722.0,167673.0,458825.0,-8968.0,-5831.0,1066.0,277419.0
2011-07-01,168636.0,483271.0,287563.0,2262.0,0.0,11613.0,0.0,0.0,1042507.0,324292.0,718215.0,-17721.0,-2.0,-29334.0,11611.0,942590.0,168635.0,483271.0,-12165.0,-16132.0,2263.0,288602.0
2011-08-01,175617.0,482239.0,277006.0,1046.0,0.0,9428.0,0.0,0.0,1021273.0,324817.0,696456.0,-21234.0,0.0,-30662.0,9428.0,922551.0,175618.0,482239.0,-7965.0,-20039.0,1047.0,279664.0
2011-09-01,168412.0,458248.0,267410.0,1065.0,0.0,6415.0,0.0,0.0,1004196.0,308245.0,695951.0,-17076.0,-1.0,-23491.0,6414.0,909312.0,168411.0,458248.0,-7490.0,-13239.0,1065.0,270173.0
2011-10-01,182977.0,451659.0,276125.0,1568.0,0.0,802.0,0.0,0.0,1010873.0,314922.0,695951.0,6677.0,0.0,5875.0,802.0,915765.0,182977.0,451659.0,3182.0,6453.0,1568.0,279885.0
2011-11-01,181157.0,448802.0,261729.0,1928.0,1.0,7523.0,0.0,0.0,1010553.0,314602.0,695951.0,-320.0,0.0,-7844.0,7524.0,913944.0,181157.0,448802.0,-2959.0,-1821.0,1928.0,264793.0
2011-12-01,189486.0,460110.0,270037.0,1645.0,1.0,-4149.0,0.0,0.0,1004172.0,308221.0,695951.0,-6380.0,-1.0,-2232.0,-4149.0,908291.0,189487.0,460110.0,3572.0,-5653.0,1646.0,270188.0
2012-01-01,191473.0,445596.0,264348.0,2425.0,0.0,1862.0,0.0,0.0,1013833.0,317882.0,695951.0,9662.0,-1.0,7800.0,1861.0,911295.0,191472.0,445596.0,6868.0,3004.0,1743.0,265739.0
2012-02-01,181783.0,423846.0,248296.0,2127.0,-1.0,890.0,0.0,0.0,1018830.0,322879.0,695951.0,4995.0,2.0,4106.0,891.0,915528.0,181783.0,423846.0,156.0,4233.0,1721.0,248173.0
2012-03-01,196139.0,448765.0,271888.0,2196.0,0.0,7665.0,0.0,0.0,1043559.0,347608.0,695951.0,24731.0,-2.0,17066.0,7663.0,928656.0,196138.0,448765.0,4161.0,13128.0,1851.0,271767.0
2012-04-01,189601.0,438283.0,259077.0,1228.0,0.0,272.0,0.0,0.0,1052996.0,357045.0,695951.0,9439.0,-2.0,9167.0,270.0,933273.0,189601.0,438283.0,3477.0,4617.0,968.0,257744.0
2012-05-01,197456.0,467997.0,278720.0,2571.0,1.0,1107.0,0.0,0.0,1059710.0,363759.0,695951.0,6716.0,-2.0,5608.0,1106.0,938875.0,197456.0,467997.0,-2112.0,5602.0,2142.0,276173.0
2012-06-01,188262.0,469096.0,275790.0,1381.0,0.0,4819.0,0.0,0.0,1058104.0,362153.0,695951.0,-1606.0,0.0,-6425.0,4819.0,937839.0,188262.0,469096.0,-8155.0,-1036.0,1381.0,273024.0
2012-07-01,199370.0,485624.0,270061.0,2387.0,1.0,3105.0,0.0,0.0,1042627.0,346677.0,695950.0,-15474.0,-3.0,-18580.0,3103.0,928397.0,199368.0,485624.0,-12416.0,-9442.0,2388.0,266786.0
2012-08-01,196868.0,475062.0,268600.0,1866.0,0.0,1174.0,0.0,0.0,1032341.0,336391.0,695950.0,-10286.0,0.0,-11460.0,1174.0,923661.0,196867.0,475062.0,-7765.0,-4736.0,1866.0,267560.0
2012-09-01,197941.0,447304.0,251431.0,2039.0,0.0,5922.0,0.0,0.0,1038294.0,343342.0,694952.0,5951.0,2.0,29.0,5924.0,925496.0,197942.0,447304.0,-1677.0,1835.0,1744.0,251264.0
2012-10-01,216056.0,460147.0,251338.0,2079.0,0.0,1020.0,0.0,0.0,1044483.0,349531.0,694952.0,6188.0,1.0,5168.0,1021.0,930217.0,216057.0,460147.0,-55.0,4721.0,2079.0,250835.0
2012-11-01,212472.0,452559.0,245487.0,2201.0,1.0,-319.0,0.0,0.0,1047363.0,352411.0,694952.0,2881.0,-1.0,3199.0,-319.0,933858.0,212472.0,452559.0,-2034.0,3641.0,2201.0,243895.0
2012-12-01,220281.0,475237.0,235719.0,2191.0,0.0,7128.0,0.0,0.0,1033064.0,337796.0,695268.0,-14300.0,1.0,-21428.0,7129.0,923535.0,220282.0,475237.0,-11555.0,-10323.0,1788.0,234865.0
2013-01-01,219569.0,451584.0,246629.0,3384.0,0.0,805.0,0.0,0.0,1045099.0,349294.0,695805.0,12035.0,0.0,11230.0,805.0,932208.0,219570.0,451584.0,3596.0,8673.0,2248.0,246531.0
2013-02-01,200070.0,398450.0,204191.0,3706.0,-1.0,5562.0,0.0,0.0,1052768.0,356799.0,695969.0,7666.0,3.0,2105.0,5564.0,936677.0,200071.0,398450.0,-2773.0,4469.0,3476.0,203551.0
2013-03-01,223644.0,455781.0,232398.0,3310.0,1.0,10870.0,0.0,0.0,1060590.0,364621.0,695969.0,7822.0,0.0,-3049.0,10871.0,942212.0,223644.0,455781.0,-9530.0,5535.0,3120.0,231262.0
2013-04-01,221206.0,445933.0,232807.0,4151.0,-1.0,-995.0,0.0,0.0,1063524.0,367555.0,695969.0,2933.0,1.0,3929.0,-995.0,944314.0,221205.0,445933.0,998.0,2102.0,3965.0,231793.0
2013-05-01,227102.0,474450.0,239970.0,4033.0,0.0,7161.0,0.0,0.0,1059273.0,363304.0,695969.0,-4250.0,-1.0,-11411.0,7160.0,940355.0,227101.0,474450.0,-7405.0,-3959.0,3863.0,239848.0
2013-06-01,218314.0,474991.0,231930.0,3724.0,-1.0,13974.0,0.0,0.0,1044776.0,348807.0,695969.0,-14498.0,1.0,-28471.0,13974.0,929277.0,218314.0,474991.0,-17290.0,-11078.0,3591.0,231900.0
2013-07-01,233173.0,497292.0,249788.0,3217.0,0.0,8131.0,0.0,0.0,1035360.0,339391.0,695969.0,-9417.0,1.0,-17548.0,8132.0,925044.0,233174.0,497292.0,-12707.0,-4233.0,3029.0,250207.0
2013-08-01,233562.0,489589.0,251079.0,2192.0,0.0,4876.0,0.0,0.0,1033096.0,337127.0,695969.0,-2264.0,0.0,-7140.0,4876.0,926080.0,233562.0,489589.0,-8061.0,1036.0,2052.0,251054.0
2013-09-01,235142.0,469074.0,237699.0,3162.0,0.0,6284.0,0.0,0.0,1039985.0,344016.0,695969.0,6889.0,0.0,605.0,6284.0,926147.0,235142.0,469074.0,370.0,67.0,2975.0,237344.0
2013-10-01,240567.0,464725.0,231822.0,3679.0,0.0,4596.0,0.0,0.0,1048566.0,352597.0,695969.0,8581.0,0.0,3985.0,4596.0,934398.0,240567.0,464725.0,-4214.0,8251.0,3523.0,231718.0
2013-11-01,237564.0,468989.0,222248.0,7578.0,0.0,8330.0,0.0,0.0,1040141.0,344172.0,695969.0,-8425.0,0.0,-16755.0,8330.0,929144.0,237565.0,468989.0,-10640.0,-5254.0,6058.0,221588.0
2013-12-01,245904.0,498148.0,240919.0,6832.0,-1.0,1178.0,0.0,0.0,1023160.0,327191.0,695969.0,-16980.0,-1.0,-18157.0,1176.0,916024.0,245904.0,498148.0,-4474.0,-13120.0,5879.0,240529.0
2014-01-01,250241.0,474643.0,235269.0,7698.0,0.0,5879.0,0.0,0.0,1032207.0,336238.0,695969.0,9048.0,-1.0,3169.0,5878.0,933251.0,250240.0,474643.0,-1748.0,4840.0,7595.0,235090.0
2014-02-01,228166.0,423572.0,201572.0,6908.0,0.0,9776.0,0.0,0.0,1041243.0,345274.0,695969.0,9034.0,2.0,-742.0,9778.0,938794.0,228166.0,423572.0,-6083.0,5543.0,6722.0,201588.0
2014-03-01,257019.0,468588.0,225487.0,7793.0,0.0,3549.0,0.0,0.0,1050916.0,354987.0,695929.0,9674.0,-1.0,6125.0,3548.0,948835.0,257019.0,468588.0,-4048.0,10041.0,7622.0,225184.0
2014-04-01,255598.0,475924.0,226639.0,8448.0,0.0,9873.0,0.0,0.0,1058654.0,365339.0,693315.0,7738.0,0.0,-2135.0,9873.0,955532.0,255597.0,475924.0,-8659.0,6697.0,8049.0,226414.0
2014-05-01,267731.0,494312.0,222177.0,9567.0,0.0,11750.0,0.0,0.0,1056432.0,365460.0,690972.0,-2221.0,-1.0,-13971.0,11749.0,954311.0,267731.0,494312.0,-12179.0,-1221.0,8938.0,222119.0
2014-06-01,262027.0,474519.0,212025.0,11834.0,0.0,1146.0,0.0,0.0,1045277.0,354305.0,690972.0,-11155.0,0.0,-12301.0,1146.0,943996.0,262026.0,474519.0,-2411.0,-10315.0,11865.0,211632.0
2014-07-01,273952.0,512568.0,236534.0,13044.0,0.0,-442.0,0.0,0.0,1029709.0,338737.0,690972.0,-15568.0,0.0,-15126.0,-442.0,928781.0,273952.0,512568.0,481.0,-15215.0,12428.0,236310.0
2014-08-01,276512.0,510271.0,231649.0,12136.0,1.0,6584.0,0.0,0.0,1022048.0,331076.0,690972.0,-7661.0,0.0,-14246.0,6585.0,921011.0,276513.0,510271.0,-6437.0,-7770.0,12053.0,231604.0
2014-09-01,272112.0,482205.0,224851.0,10480.0,0.0,-3202.0,0.0,0.0,1023124.0,332155.0,690969.0,1076.0,0.0,4278.0,-3202.0,921581.0,272111.0,482205.0,4088.0,570.0,10480.0,225232.0
2014-10-01,286758.0,476192.0,221600.0,11653.0,0.0,-955.0,0.0,0.0,1042683.0,351717.0,690966.0,19558.0,1.0,20513.0,-954.0,942538.0,286760.0,476192.0,-1020.0,20957.0,11653.0,221022.0
2014-11-01,279200.0,481303.0,218845.0,15619.0,-1.0,3886.0,0.0,0.0,1047692.0,356729.0,690963.0,5008.0,1.0,1123.0,3886.0,947022.0,279200.0,481303.0,-3418.0,4484.0,15053.0,218222.0
2014-12-01,295914.0,510540.0,223978.0,13053.0,1.0,7834.0,0.0,0.0,1051824.0,360865.0,690959.0,4134.0,-2.0,-3701.0,7833.0,953046.0,295914.0,510540.0,-10848.0,6024.0,13692.0,223494.0
2015-01-01,290697.0,479140.0,222315.0,15342.0,-1.0,9816.0,0.0,0.0,1080169.0,389213.0,690956.0,28345.0,0.0,18530.0,9815.0,981048.0,290631.0,479140.0,-10102.0,28002.0,15229.0,221638.0
2015-02-01,265570.0,429564.0,198807.0,12380.0,-1.0,3663.0,0.0,0.0,1106266.0,415313.0,690953.0,26095.0,2.0,22433.0,3664.0,1006711.0,265886.0,429564.0,-2270.0,25663.0,11984.0,199055.0
2015-03-01,296966.0,484840.0,235360.0,13566.0,1.0,-6037.0,0.0,0.0,1134150.0,443200.0,690950.0,27884.0,0.0,33920.0,-6036.0,1034091.0,296825.0,484840.0,6476.0,27380.0,12935.0,234806.0
2015-04-01,289564.0,488184.0,216229.0,17969.0,0.0,9870.0,0.0,0.0,1143660.0,452713.0,690947.0,9510.0,0.0,-360.0,9870.0,1043259.0,289449.0,488184.0,-9265.0,9168.0,17591.0,216229.0
2015-05-01,293440.0,508450.0,224604.0,16338.0,1.0,4391.0,0.0,0.0,1141306.0,448961.0,692345.0,-2352.0,-2.0,-6744.0,4390.0,1040270.0,293362.0,508450.0,-3955.0,-2989.0,16460.0,224604.0
2015-06-01,280506.0,501034.0,219618.0,13355.0,0.0,5659.0,0.0,0.0,1132701.0,438810.0,693891.0,-8606.0,1.0,-14265.0,5660.0,1032433.0,280425.0,501034.0,-6562.0,-7837.0,12916.0,219126.0
2015-07-01,292508.0,523238.0,228160.0,16934.0,0.0,6744.0,0.0,0.0,1119943.0,424809.0,695134.0,-12760.0,2.0,-19504.0,6746.0,1019705.0,292432.0,523238.0,-7135.0,-12728.0,16312.0,227255.0
2015-08-01,291406.0,517707.0,239212.0,14287.0,1.0,2414.0,0.0,0.0,1120983.0,425853.0,695130.0,1039.0,1.0,-1376.0,2416.0,1022169.0,291333.0,517707.0,-6346.0,2464.0,14293.0,236785.0
2015-09-01,284127.0,485028.0,216838.0,12315.0,0.0,-350.0,0.0,0.0,1124257.0,429129.0,695128.0,3272.0,2.0,3622.0,-348.0,1025137.0,284079.0,485028.0,479.0,2968.0,12273.0,216669.0
2015-10-01,291219.0,478636.0,220171.0,15503.0,-1.0,8832.0,0.0,0.0,1150339.0,455213.0,695126.0,26082.0,0.0,17251.0,8831.0,1050859.0,291157.0,478636.0,-7955.0,25722.0,15501.0,220747.0
2015-11-01,279838.0,493741.0,221130.0,9592.0,0.0,3143.0,0.0,0.0,1151117.0,455994.0,695123.0,778.0,0.0,-2365.0,3143.0,1051288.0,279779.0,493741.0,-2870.0,429.0,9596.0,221117.0
2015-12-01,287374.0,518988.0,244965.0,12163.0,0.0,-7969.0,0.0,0.0,1144339.0,449220.0,695119.0,-6781.0,3.0,1188.0,-7966.0,1045235.0,287309.0,518988.0,7122.0,-6053.0,12167.0,244915.0
2016-01-01,285613.0,494490.0,236065.0,15176.0,0.0,10531.0,0.0,0.0,1166883.0,471767.0,695116.0,22543.0,1.0,12012.0,10532.0,1052102.0,285322.0,494490.0,-1963.0,19432.0,11273.0,237910.0
2016-02-01,263113.0,459442.0,229492.0,13161.0,-1.0,383.0,0.0,0.0,1187267.0,492153.0,695114.0,20384.0,0.0,20002.0,382.0,1071809.0,262843.0,459442.0,2237.0,19707.0,10859.0,229402.0
2016-03-01,282588.0,498556.0,248383.0,18471.0,0.0,-1288.0,0.0,0.0,1199923.0,504811.0,695112.0,12656.0,0.0,13944.0,-1288.0,1076212.0,282290.0,498556.0,12889.0,4403.0,15742.0,249300.0
2016-04-01,266580.0,477608.0,228344.0,18714.0,0.0,5904.0,0.0,0.0,1204430.0,509323.0,695107.0,4506.0,1.0,-1398.0,5905.0,1080977.0,266327.0,477608.0,-4680.0,4765.0,17734.0,229100.0
2016-05-01,274213.0,503341.0,245749.0,24414.0,0.0,10327.0,0.0,0.0,1206965.0,511861.0,695104.0,2534.0,1.0,-7793.0,10328.0,1083678.0,273959.0,503341.0,-6271.0,2701.0,20511.0,246323.0
2016-06-01,260577.0,492978.0,226802.0,15915.0,0.0,10506.0,0.0,0.0,1195957.0,500857.0,695100.0,-11008.0,0.0,-21514.0,10506.0,1072660.0,260338.0,492978.0,-4791.0,-11018.0,11489.0,228320.0
2016-07-01,268920.0,515257.0,250986.0,16612.0,1.0,4561.0,0.0,0.0,1188554.0,493458.0,695096.0,-7401.0,-2.0,-11963.0,4560.0,1064705.0,268667.0,515257.0,-2474.0,-7955.0,14684.0,250845.0
2016-08-01,269715.0,514394.0,248482.0,22330.0,1.0,11743.0,0.0,0.0,1181768.0,486675.0,695093.0,-6783.0,-3.0,-18527.0,11741.0,1058304.0,269463.0,514394.0,-9802.0,-6401.0,20371.0,249099.0
2016-09-01,256591.0,490195.0,241213.0,23241.0,1.0,490.0,0.0,0.0,1166627.0,471537.0,695090.0,-15141.0,0.0,-15632.0,491.0,1045724.0,256351.0,490195.0,-307.0,-12580.0,20764.0,241721.0
2016-10-01,273282.0,479085.0,234666.0,15552.0,0.0,6352.0,0.0,0.0,1186290.0,491203.0,695087.0,19663.0,0.0,13311.0,6352.0,1066473.0,273009.0,479085.0,-6213.0,20749.0,15215.0,235827.0
2016-11-01,267470.0,487057.0,240691.0,18170.0,0.0,-3406.0,0.0,0.0,1185818.0,490734.0,695084.0,-472.0,0.0,2934.0,-3406.0,1066281.0,267184.0,487057.0,4009.0,-192.0,17916.0,241606.0
2016-12-01,273620.0,511992.0,242335.0,14519.0,0.0,4440.0,0.0,0.0,1179704.0,484622.0,695082.0,-6116.0,2.0,-10556.0,4442.0,1063217.0,273366.0,511992.0,-5569.0,-3064.0,13691.0,243684.0
2017-01-01,275354.0,499665.0,262811.0,22047.0,-1.0,5718.0,0.0,0.0,1201876.0,506798.0,695078.0,22170.0,2.0,16453.0,5719.0,1083338.0,275075.0,499665.0,-6340.0,20121.0,23126.0,261497.0
2017-02-01,255372.0,433807.0,220558.0,32092.0,-1.0,8337.0,0.0,0.0,1220244.0,525419.0,694825.0,18367.0,1.0,10031.0,8337.0,1102652.0,255099.0,433807.0,-8352.0,19314.0,31260.0,220930.0
2017-03-01,284541.0,497486.0,253114.0,28830.0,0.0,-1477.0,0.0,0.0,1230105.0,538595.0,691510.0,9862.0,-1.0,11339.0,-1478.0,1112324.0,284185.0,497486.0,682.0,9672.0,25846.0,249501.0
2017-04-01,273491.0,508633.0,246132.0,33834.0,0.0,5814.0,0.0,0.0,1213073.0,524286.0,688787.0,-17030.0,-2.0,-22844.0,5812.0,1095548.0,273051.0,508633.0,-4907.0,-16776.0,30023.0,243922.0
2017-05-01,285273.0,533894.0,263106.0,34048.0,0.0,7775.0,0.0,0.0,1201286.0,516808.0,684478.0,-11788.0,1.0,-19563.0,7776.0,1084270.0,284812.0,533894.0,-9197.0,-11278.0,31715.0,260322.0
2017-06-01,273704.0,516122.0,242677.0,25952.0,0.0,5140.0,0.0,0.0,1180731.0,501557.0,679174.0,-20553.0,-2.0,-25693.0,5138.0,1063017.0,273338.0,516122.0,-4815.0,-21253.0,23592.0,240308.0
2017-07-01,287295.0,536841.0,245369.0,29641.0,-1.0,15381.0,0.0,0.0,1162294.0,483411.0,678883.0,-18438.0,1.0,-33818.0,15381.0,1044702.0,286663.0,536841.0,-16974.0,-18315.0,27691.0,242580.0
2017-08-01,287450.0,526396.0,245611.0,25339.0,1.0,-4841.0,0.0,0.0,1138781.0,459982.0,678799.0,-23514.0,1.0,-18674.0,-4839.0,1020075.0,286690.0,526396.0,5586.0,-24627.0,23930.0,244595.0
2017-09-01,285815.0,463806.0,219708.0,43899.0,-1.0,6630.0,0.0,0.0,1143228.0,469588.0,673640.0,4447.0,0.0,-2182.0,6629.0,1017108.0,285423.0,463806.0,-1334.0,-2967.0,44180.0,218262.0
2017-10-01,300075.0,497897.0,238109.0,53327.0,1.0,-1507.0,0.0,0.0,1128682.0,459731.0,668951.0,-14546.0,0.0,-13040.0,-1506.0,1001449.0,299707.0,497897.0,-247.0,-15659.0,53662.0,235946.0
2017-11-01,303044.0,505188.0,230230.0,46323.0,0.0,3889.0,0.0,0.0,1114332.0,453054.0,661278.0,-14348.0,-2.0,-18237.0,3887.0,987042.0,302592.0,505188.0,-5508.0,-14407.0,46022.0,228703.0
2017-12-01,310203.0,535506.0,241245.0,47185.0,0.0,1387.0,0.0,0.0,1084477.0,421646.0,662831.0,-29856.0,1.0,-31243.0,1388.0,955976.0,309612.0,535506.0,-537.0,-31066.0,46955.0,241246.0
2018-01-01,310454.0,514575.0,248552.0,42222.0,1.0,-1692.0,0.0,0.0,1084994.0,420760.0,664234.0,518.0,-1.0,2209.0,-1692.0,955222.0,310059.0,514575.0,3034.0,-754.0,41588.0,248384.0
2018-02-01,288313.0,446215.0,209942.0,48588.0,-1.0,855.0,0.0,0.0,1089301.0,423843.0,665458.0,4306.0,1.0,3452.0,855.0,960061.0,287865.0,446215.0,1666.0,4839.0,44944.0,209799.0
2018-03-01,324946.0,516619.0,236216.0,61051.0,0.0,17602.0,0.0,0.0,1090395.0,424939.0,665456.0,1094.0,0.0,-16508.0,17602.0,961149.0,324478.0,516619.0,-8956.0,1088.0,51813.0,236086.0
2018-04-01,315328.0,502986.0,247608.0,57581.0,0.0,7781.0,0.0,0.0,1100544.0,436578.0,663966.0,10150.0,-1.0,2369.0,7780.0,971265.0,314838.0,502986.0,-3602.0,10116.0,52668.0,247330.0
2018-05-01,323930.0,526031.0,242857.0,64079.0,0.0,17144.0,0.0,0.0,1094364.0,434197.0,660167.0,-6179.0,-1.0,-23323.0,17143.0,965685.0,323388.0,526031.0,-16668.0,-5580.0,62165.0,242560.0
2018-06-01,319700.0,529970.0,254623.0,68366.0,0.0,4816.0,0.0,0.0,1075167.0,415152.0,660015.0,-19197.0,0.0,-24013.0,4816.0,947089.0,319207.0,529970.0,-3770.0,-18596.0,66010.0,254407.0
2018-07-01,338569.0,538067.0,246014.0,71508.0,0.0,19479.0,0.0,0.0,1069654.0,409641.0,660013.0,-5513.0,0.0,-24992.0,19479.0,942205.0,337928.0,538067.0,-15275.0,-4884.0,66303.0,246283.0
2018-08-01,353882.0,546310.0,247656.0,57620.0,-1.0,331.0,0.0,0.0,1067594.0,407583.0,660011.0,-2062.0,2.0,-2392.0,332.0,940385.0,353226.0,546310.0,2510.0,-1820.0,54228.0,248002.0
2018-09-01,343977.0,509726.0,227795.0,60453.0,0.0,7505.0,0.0,0.0,1076693.0,416684.0,660009.0,9098.0,1.0,1593.0,7506.0,947392.0,343383.0,509726.0,-9157.0,7007.0,63470.0,227663.0
2018-10-01,357369.0,508779.0,227975.0,69951.0,-1.0,5340.0,0.0,0.0,1088648.0,433808.0,654840.0,11953.0,2.0,6614.0,5341.0,958552.0,356986.0,508779.0,-8369.0,11160.0,72095.0,226679.0
2018-11-01,357313.0,514863.0,226251.0,72012.0,0.0,13610.0,0.0,0.0,1098946.0,449379.0,649567.0,10299.0,-1.0,-3311.0,13609.0,969415.0,357328.0,514863.0,-21983.0,10863.0,78279.0,224694.0
2018-12-01,371063.0,539691.0,220002.0,74109.0,0.0,15429.0,0.0,0.0,1091640.0,442501.0,649139.0,-7306.0,0.0,-22735.0,15429.0,962178.0,371522.0,539691.0,-18716.0,-7237.0,77843.0,220059.0
2019-01-01,368719.0,520272.0,234307.0,81931.0,0.0,5649.0,0.0,0.0,1098111.0,448972.0,649139.0,6472.0,-1.0,823.0,5648.0,969185.0,368054.0,520272.0,-5931.0,7007.0,79832.0,233126.0
2019-02-01,327389.0,443681.0,186757.0,81617.0,0.0,13828.0,0.0,0.0,1100786.0,451660.0,649126.0,2676.0,-1.0,-11152.0,13827.0,972101.0,326819.0,443681.0,-17256.0,2916.0,83721.0,186243.0
2019-03-01,369865.0,493975.0,210276.0,82863.0,0.0,3928.0,0.0,0.0,1108016.0,458890.0,649126.0,7231.0,-1.0,3303.0,3927.0,975061.0,369203.0,493975.0,-1388.0,2960.0,83197.0,209541.0
2019-04-01,364938.0,490236.0,209958.0,87322.0,0.0,13036.0,0.0,0.0,1118390.0,469802.0,648588.0,10374.0,0.0,-2662.0,13036.0,984022.0,364293.0,490236.0,-9438.0,8961.0,85275.0,210741.0
2019-05-01,377210.0,518303.0,221769.0,91722.0,1.0,18599.0,0.0,0.0,1125943.0,481125.0,644818.0,7554.0,-1.0,-11046.0,18599.0,992170.0,376738.0,518303.0,-17721.0,8148.0,89908.0,221900.0
2019-06-01,367123.0,517074.0,214563.0,92995.0,1.0,10705.0,0.0,0.0,1108264.0,463446.0,644818.0,-17677.0,-2.0,-28383.0,10704.0,975572.0,366642.0,517074.0,-14376.0,-16598.0,94775.0,214233.0
2019-07-01,369661.0,532431.0,215083.0,83884.0,0.0,9712.0,0.0,0.0,1086406.0,441588.0,644818.0,-21859.0,1.0,-31571.0,9713.0,953660.0,368952.0,532431.0,-10091.0,-21912.0,83512.0,214988.0
2019-08-01,387632.0,536202.0,215273.0,85406.0,-1.0,7233.0,0.0,0.0,1074936.0,430118.0,644818.0,-11471.0,1.0,-18703.0,7233.0,942257.0,387024.0,536202.0,-7052.0,-11403.0,84550.0,215273.0
2019-09-01,378410.0,492093.0,194485.0,92780.0,1.0,7473.0,0.0,0.0,1070432.0,425614.0,644818.0,-4504.0,0.0,-11978.0,7474.0,933281.0,377681.0,492093.0,-3850.0,-8976.0,92754.0,194340.0
2019-10-01,397778.0,486107.0,193493.0,105770.0,1.0,14694.0,0.0,0.0,1084520.0,443367.0,641153.0,14089.0,-1.0,-606.0,14694.0,947392.0,396984.0,486107.0,-14555.0,14111.0,104865.0,193544.0
2019-11-01,390570.0,494453.0,174531.0,92408.0,-1.0,18093.0,0.0,0.0,1080854.0,445887.0,634967.0,-3668.0,2.0,-21760.0,18094.0,943900.0,389809.0,494453.0,-17360.0,-3492.0,90694.0,174486.0
2019-12-01,403091.0,520569.0,211837.0,109647.0,1.0,2174.0,0.0,0.0,1067739.0,432772.0,634967.0,-13113.0,-2.0,-15288.0,2173.0,929906.0,402393.0,520569.0,-6162.0,-13994.0,113731.0,211751.0
2020-01-01,399389.0,503084.0,198732.0,105017.0,1.0,17461.0,0.0,0.0,1075220.0,440253.0,634967.0,7482.0,-1.0,-9980.0,17461.0,939807.0,398392.0,503084.0,-16705.0,9901.0,100775.0,198663.0
2020-02-01,373519.0,460097.0,189059.0,102577.0,0.0,12405.0,0.0,0.0,1087530.0,452563.0,634967.0,12309.0,1.0,-96.0,12406.0,951196.0,372480.0,460097.0,-17471.0,11389.0,107525.0,189060.0
2020-03-01,397349.0,472144.0,195181.0,112385.0,1.0,22778.0,0.0,0.0,1118308.0,483341.0,634967.0,30780.0,-2.0,8001.0,22777.0,980026.0,396682.0,472144.0,-19374.0,28830.0,110263.0,195181.0
2020-04-01,357992.0,383170.0,165586.0,86479.0,-1.0,-5376.0,0.0,0.0,1166861.0,529035.0,637826.0,48552.0,1.0,53929.0,-5376.0,1032988.0,357336.0,383170.0,-4801.0,52962.0,92314.0,166309.0
2020-05-01,301756.0,402009.0,188693.0,98493.0,-1.0,13111.0,0.0,0.0,1169919.0,521593.0,648326.0,3057.0,1.0,-10053.0,13111.0,1037362.0,301133.0,402009.0,-7344.0,4374.0,90787.0,188693.0
2020-06-01,313870.0,412031.0,191789.0,82422.0,0.0,7554.0,0.0,0.0,1188680.0,532657.0,656023.0,18760.0,1.0,11206.0,7555.0,1056846.0,313381.0,412031.0,-8800.0,19484.0,82585.0,191919.0
2020-07-01,341744.0,444341.0,183087.0,103631.0,0.0,10726.0,0.0,0.0,1176264.0,520124.0,656140.0,-12415.0,-1.0,-23141.0,10725.0,1045065.0,341244.0,444341.0,-8761.0,-11781.0,100532.0,183087.0
2020-08-01,328943.0,438703.0,167927.0,105664.0,0.0,23163.0,0.0,0.0,1151929.0,504399.0,647530.0,-24334.0,-1.0,-47497.0,23162.0,1022932.0,328128.0,438703.0,-20884.0,-22133.0,100848.0,168406.0
2020-09-01,329290.0,407185.0,161926.0,97938.0,0.0,1888.0,0.0,0.0,1139910.0,497724.0,642186.0,-12019.0,0.0,-13907.0,1888.0,1010696.0,328025.0,407386.0,-2348.0,-12236.0,97149.0,161926.0
2020-10-01,325607.0,416787.0,164088.0,91106.0,-1.0,10765.0,0.0,0.0,1132478.0,493922.0,638556.0,-7434.0,2.0,-18198.0,10766.0,1002993.0,324544.0,418020.0,-11539.0,-7703.0,90260.0,164494.0
2020-11-01,337080.0,423711.0,167107.0,83585.0,1.0,9466.0,0.0,0.0,1138837.0,500752.0,638085.0,6358.0,1.0,-3109.0,9468.0,1009338.0,336286.0,425772.0,-8947.0,6345.0,81771.0,168655.0
2020-12-01,347161.0,438334.0,177092.0,104049.0,0.0,2849.0,0.0,0.0,1123557.0,485471.0,638086.0,-15281.0,1.0,-18130.0,2850.0,992984.0,346553.0,440322.0,-3333.0,-16354.0,104515.0,178597.0
2021-01-01,346166.0,450797.0,179388.0,98349.0,0.0,14390.0,0.0,0.0,1114354.0,476269.0,638085.0,-9202.0,-1.0,-23592.0,14389.0,995862.0,345713.0,453387.0,-24700.0,2878.0,95345.0,181197.0
2021-02-01,278683.0,346386.0,156503.0,71841.0,0.0,337.0,0.0,0.0,1131649.0,493876.0,637773.0,17296.0,-1.0,16959.0,336.0,1013489.0,278271.0,349461.0,-5679.0,17627.0,74242.0,157380.0
2021-03-01,353006.0,446001.0,180396.0,87049.0,1.0,8237.0,0.0,0.0,1140238.0,502464.0,637774.0,8590.0,-1.0,352.0,8237.0,1019757.0,352545.0,448524.0,-3522.0,6268.0,81053.0,179778.0
2021-04-01,340964.0,454865.0,174563.0,95235.0,0.0,16920.0,0.0,0.0,1122586.0,489158.0,633428.0,-17653.0,1.0,-34573.0,16921.0,1003743.0,340585.0,457709.0,-23550.0,-16014.0,97101.0,174661.0
2021-05-01,354576.0,483466.0,180654.0,87862.0,0.0,18080.0,0.0,0.0,1104565.0,476980.0,627585.0,-18018.0,-3.0,-36098.0,18077.0,983867.0,354103.0,483466.0,-11670.0,-19876.0,84115.0,181932.0
2021-06-01,342324.0,485707.0,198207.0,102405.0,1.0,12430.0,0.0,0.0,1069412.0,448108.0,621304.0,-35150.0,-3.0,-47581.0,12428.0,947178.0,341813.0,485707.0,-12403.0,-36689.0,104625.0,199427.0
2021-07-01,354312.0,491407.0,198342.0,83830.0,0.0,13218.0,0.0,0.0,1060047.0,438745.0,621302.0,-9365.0,0.0,-22583.0,13218.0,936596.0,353905.0,491407.0,-12370.0,-10582.0,83692.0,198242.0
2021-08-01,351152.0,487506.0,193331.0,92763.0,0.0,18566.0,0.0,0.0,1042827.0,421525.0,621302.0,-17220.0,0.0,-35786.0,18566.0,916912.0,350736.0,487506.0,-19102.0,-19684.0,95348.0,193332.0
2021-09-01,329117.0,456950.0,195755.0,76007.0,-1.0,3367.0,0.0,0.0,1038111.0,420343.0,617768.0,-4719.0,3.0,-8085.0,3369.0,911702.0,328715.0,456950.0,-7236.0,-5210.0,79995.0,195784.0
2021-10-01,361111.0,466406.0,185112.0,86154.0,-1.0,15452.0,0.0,0.0,1047226.0,436580.0,610646.0,9114.0,1.0,-6337.0,15452.0,920826.0,360746.0,466406.0,-19579.0,9124.0,89907.0,185112.0
2021-11-01,356475.0,470519.0,190010.0,94096.0,1.0,5757.0,0.0,0.0,1034854.0,433387.0,601467.0,-12372.0,0.0,-18130.0,5758.0,909031.0,356024.0,470519.0,-6001.0,-11795.0,93311.0,190010.0
2021-12-01,365232.0,488464.0,199289.0,105799.0,0.0,9754.0,0.0,0.0,1014866.0,421184.0,593682.0,-19988.0,0.0,-29742.0,9754.0,888696.0,364322.0,488464.0,-12620.0,-20335.0,107881.0,199068.0
2022-01-01,355611.0,479498.0,198315.0,103967.0,0.0,8658.0,8045.0,0.0,1002031.0,413714.0,588317.0,-12836.0,1.0,-29539.0,16704.0,876182.0,354716.0,479498.0,-18154.0,-12514.0,103759.0,197873.0
2022-02-01,322490.0,431124.0,172472.0,90838.0,0.0,-2573.0,14940.0,0.0,987398.0,408526.0,578872.0,-14633.0,0.0,-27000.0,12367.0,861589.0,321080.0,431124.0,-15779.0,-14593.0,92653.0,172325.0
2022-03-01,368942.0,491251.0,198924.0,99075.0,0.0,1697.0,13632.0,0.0,980268.0,414207.0,566061.0,-7131.0,1.0,-22460.0,15330.0,843119.0,368134.0,491251.0,-8647.0,-18470.0,102883.0,198883.0
2022-04-01,355352.0,469449.0,181787.0,105141.0,0.0,9856.0,12576.0,0.0,965248.0,417382.0,547866.0,-15019.0,-1.0,-37451.0,22431.0,829651.0,354365.0,469449.0,-17024.0,-13468.0,97178.0,181770.0
2022-05-01,365259.0,503402.0,191072.0,102472.0,0.0,12464.0,10007.0,0.0,938174.0,415065.0,523109.0,-27072.0,-2.0,-49543.0,22469.0,800051.0,363992.0,503402.0,-25468.0,-29600.0,106708.0,191050.0
2022-06-01,358290.0,497130.0,194211.0,103626.0,0.0,10346.0,10857.0,0.0,911123.0,417799.0,493324.0,-27052.0,1.0,-48255.0,21204.0,775187.0,357385.0,497130.0,-27840.0,-24864.0,107154.0,194195.0
2022-07-01,373049.0,507098.0,204511.0,114088.0,1.0,12126.0,12459.0,0.0,892081.0,424075.0,468006.0,-19040.0,-2.0,-43626.0,24584.0,756583.0,371739.0,507098.0,-29701.0,-18604.0,117665.0,204719.0
2022-08-01,376914.0,509258.0,196325.0,110496.0,0.0,5540.0,13736.0,0.0,864842.0,419785.0,445057.0,-27239.0,0.0,-46515.0,19276.0,728256.0,375798.0,509258.0,-22136.0,-28327.0,113235.0,196232.0
2022-09-01,373617.0,484236.0,188070.0,111469.0,0.0,1691.0,12880.0,0.0,845393.0,429000.0,416393.0,-19447.0,-2.0,-34018.0,14569.0,708661.0,373159.0,484236.0,-8597.0,-19595.0,105163.0,188048.0
2022-10-01,386228.0,489050.0,193422.0,124065.0,0.0,8061.0,18258.0,0.0,838247.0,439678.0,398569.0,-7146.0,0.0,-33465.0,26319.0,701646.0,385369.0,489050.0,-31849.0,-7015.0,128530.0,193347.0
2022-11-01,375224.0,493514.0,187582.0,123164.0,0.0,6323.0,14340.0,0.0,805040.0,416621.0,388419.0,-33209.0,2.0,-53872.0,20665.0,668405.0,374003.0,493514.0,-20243.0,-33241.0,121265.0,187292.0
2022-12-01,378696.0,476685.0,185982.0,116915.0,-1.0,14430.0,11586.0,0.0,802132.0,430102.0,372030.0,-2907.0,-1.0,-28922.0,26014.0,665223.0,377429.0,476685.0,-29812.0,-3182.0,119432.0,185694.0
2023-01-01,392444.0,467683.0,195312.0,105686.0,1.0,-470.0,14689.0,0.0,830738.0,459159.0,371579.0,28607.0,-1.0,14387.0,14219.0,694734.0,390928.0,467683.0,-19592.0,29511.0,108933.0,195607.0
2023-02-01,354072.0,423517.0,185661.0,115165.0,-1.0,2803.0,9357.0,0.0,843948.0,472369.0,371579.0,13210.0,0.0,1051.0,12159.0,707285.0,352534.0,423517.0,-10779.0,12551.0,111934.0,184689.0
2023-03-01,399675.0,480888.0,195397.0,136788.0,0.0,1175.0,13875.0,0.0,836394.0,465219.0,371175.0,-7554.0,0.0,-22604.0,15050.0,702526.0,397280.0,480888.0,-32997.0,-4759.0,150234.0,196086.0
2023-04-01,382809.0,475195.0,186608.0,124106.0,0.0,1032.0,15807.0,0.0,823350.0,459627.0,363723.0,-13045.0,1.0,-29884.0,16840.0,689525.0,380410.0,475195.0,-16232.0,-13001.0,120269.0,185821.0
2023-05-01,395525.0,502666.0,200407.0,119232.0,0.0,7207.0,10419.0,0.0,815009.0,460643.0,354366.0,-8340.0,-1.0,-25966.0,17625.0,681096.0,394619.0,502666.0,-16529.0,-8429.0,117467.0,200556.0
2023-06-01,384775.0,492184.0,195529.0,117401.0,0.0,-385.0,16529.0,0.0,801873.0,454715.0,347158.0,-13137.0,1.0,-29281.0,16145.0,667806.0,385967.0,492184.0,-12731.0,-13290.0,114618.0,194814.0
2023-07-01,401320.0,515467.0,195465.0,121599.0,-1.0,8219.0,17592.0,0.0,787401.0,439947.0,347454.0,-14471.0,-1.0,-40281.0,25809.0,653154.0,400994.0,515467.0,-23796.0,-14652.0,118874.0,194899.0
2023-08-01,404015.0,517374.0,216654.0,136582.0,0.0,-7378.0,20895.0,0.0,767631.0,417301.0,350330.0,-19770.0,0.0,-33287.0,13517.0,633544.0,404469.0,517374.0,-4088.0,-19610.0,128387.0,217594.0
2023-09-01,395981.0,487179.0,200492.0,124109.0,1.0,-4386.0,20710.0,0.0,769139.0,417865.0,351274.0,1510.0,-2.0,-14815.0,16323.0,634646.0,395300.0,487179.0,-18494.0,1102.0,124719.0,199206.0
2023-10-01,410692.0,476064.0,190042.0,127982.0,0.0,-9280.0,20718.0,0.0,777267.0,425993.0,351274.0,8126.0,2.0,-3312.0,11440.0,643252.0,407615.0,476064.0,-14331.0,8606.0,127468.0,190192.0
2023-11-01,400307.0,478115.0,207794.0,117868.0,0.0,-12175.0,16540.0,0.0,793749.0,441838.0,351911.0,16483.0,-1.0,12118.0,4364.0,659962.0,398433.0,478115.0,-7375.0,16710.0,119019.0,208036.0
2023-12-01,413086.0,511557.0,199075.0,143273.0,-1.0,15459.0,14637.0,0.0,781175.0,426491.0,354684.0,-12574.0,0.0,-42669.0,30095.0,647308.0,412547.0,511557.0,-27762.0,-12654.0,140332.0,198926.0
2024-01-01,389080.0,477240.0,205413.0,120988.0,0.0,-6887.0,15616.0,0.0,786168.0,428155.0,358013.0,4994.0,-1.0,-3735.0,8728.0,652110.0,389161.0,477381.0,-13095.0,4802.0,125520.0,205447.0
2024-02-01,381809.0,431574.0,189548.0,133204.0,0.0,786.0,15763.0,0.0,809295.0,448337.0,360958.0,23128.0,-1.0,6579.0,16548.0,674799.0,379960.0,431574.0,-19879.0,22689.0,135152.0,189576.0
2024-03-01,409074.0,491803.0,191585.0,134325.0,0.0,12124.0,15739.0,0.0,811688.0,447754.0,363934.0,2394.0,-1.0,-25469.0,27862.0,675398.0,408294.0,491803.0,-25331.0,599.0,133305.0,192082.0
2024-04-01,399515.0,476453.0,197790.0,119728.0,1.0,434.0,18273.0,0.0,831517.0,464600.0,366917.0,19832.0,-3.0,1124.0,18705.0,695015.0,397459.0,476453.0,-24280.0,19617.0,123010.0,197341.0
2024-05-01,410837.0,518274.0,218335.0,130714.0,-1.0,-4017.0,17510.0,0.0,825193.0,455026.0,370167.0,-6324.0,0.0,-19816.0,13492.0,688977.0,409235.0,518273.0,-11884.0,-6038.0,127604.0,218720.0
2024-06-01,397277.0,504469.0,200546.0,124805.0,0.0,-640.0,20453.0,0.0,813554.0,440482.0,373072.0,-11638.0,-1.0,-31451.0,19812.0,677477.0,397196.0,504446.0,-22758.0,-11500.0,126932.0,199924.0
2024-07-01,410100.0,513977.0,220600.0,132147.0,-1.0,-11046.0,16020.0,0.0,803105.0,427672.0,375433.0,-10451.0,2.0,-15424.0,4975.0,666895.0,409344.0,513583.0,-2827.0,-10582.0,129978.0,220808.0
2024-08-01,415888.0,522444.0,196096.0,123530.0,0.0,8221.0,19980.0,0.0,797317.0,417661.0,379656.0,-5789.0,1.0,-33990.0,28202.0,661264.0,414270.0,522000.0,-27140.0,-5631.0,121129.0,196088.0
2024-09-01,396846.0,486075.0,193656.0,113876.0,-1.0,-11293.0,21508.0,0.0,798081.0,415151.0,382930.0,765.0,-1.0,-9449.0,10213.0,663121.0,395937.0,486017.0,-9906.0,1857.0,111647.0,193678.0
2024-10-01,421065.0,499623.0,196923.0,119808.0,-1.0,-5967.0,20312.0,0.0,810983.0,423765.0,387218.0,12901.0,1.0,-1443.0,14345.0,675109.0,417158.0,499725.0,-17537.0,11988.0,120008.0,197026.0
2024-11-01,404728.0,496611.0,197326.0,128658.0,0.0,4597.0,20661.0,0.0,813025.0,421225.0,391800.0,2043.0,-1.0,-23215.0,25257.0,677366.0,399412.0,496611.0,-32156.0,2257.0,130026.0,197326.0
2024-12-01,419441.0,519936.0,203277.0,116312.0,-1.0,-14638.0,22092.0,0.0,806948.0,413380.0,393568.0,-6077.0,0.0,-13530.0,7453.0,671557.0,416988.0,519936.0,-13223.0,-5809.0,119361.0,203277.0
2025-01-01,408165.0,487848.0,206130.0,123009.0,1.0,-6850.0,10551.0,0.0,814085.0,419021.0,395064.0,7140.0,-3.0,3438.0,3699.0,678106.0,407537.0,487847.0,-2588.0,6549.0,121859.0,206130.0
2025-02-01,371533.0,430009.0,169259.0,119362.0,-1.0,5879.0,13944.0,0.0,825329.0,430016.0,395313.0,11243.0,1.0,-8579.0,19823.0,689362.0,368457.0,430007.0,-23783.0,11256.0,120236.0,169259.0
2025-03-01,419326.0,490713.0,178437.0,123546.0,0.0,1978.0,18066.0,0.0,828878.0,432168.0,396710.0,3548.0,1.0,-16496.0,20045.0,683708.0,418136.0,490719.0,-13838.0,-5654.0,125346.0,178437.0
2025-04-01,406737.0,482695.0,180648.0,115039.0,0.0,3149.0,12873.0,0.0,834551.0,435430.0,399121.0,5673.0,0.0,-10349.0,16022.0,689502.0,404053.0,482718.0,-19958.0,5794.0,116501.0,181002.0
2025-05-01,419592.0,518508.0,194162.0,111898.0,0.0,475.0,14791.0,0.0,833167.0,431108.0,402059.0,-1386.0,2.0,-16652.0,15268.0,687897.0,416855.0,518431.0,-18423.0,-1605.0,112494.0,194042.0
2025-06-01,409692.0,512756.0,184939.0,112837.0,0.0,8879.0,6170.0,0.0,817253.0,414250.0,403003.0,-15913.0,-1.0,-30962.0,15048.0,672223.0,407397.0,512858.0,-17721.0,-15674.0,112873.0,184939.0
2025-07-01,425444.0,526982.0,196038.0,108464.0,0.0,6040.0,13815.0,0.0,823145.0,420169.0,402976.0,5891.0,1.0,-13964.0,19856.0,678476.0,422891.0,526987.0,-23285.0,6253.0,109110.0,196174.0
2025-08-01,428882.0,525198.0,194769.0,123940.0,1.0,9194.0,15383.0,0.0,822235.0,417294.0,404941.0,-909.0,-1.0,-25487.0,24577.0,677551.0,427610.0,525210.0,-12647.0,-925.0,110741.0,194769.0
2025-09-01,417498.0,493946.0,191964.0,130694.0,0.0,-12473.0,20165.0,0.0,814747.0,407764.0,406983.0,-7486.0,-2.0,-15178.0,7690.0,670151.0,415333.0,493933.0,-10259.0,-7400.0,131098.0,192039.0
2025-10-01,433840.0,481299.0,182832.0,136425.0,-1.0,-5509.0,22399.0,0.0,830588.0,420994.0,409594.0,15837.0,4.0,-1052.0,16893.0,685906.0,429983.0,481299.0,-12200.0,15755.0,127961.0,182832.0
2025-11-01,417799.0,498091.0,173404.0,114532.0,0.0,9604.0,14437.0,0.0,833209.0,421287.0,411922.0,2621.0,0.0,-21420.0,24041.0,687800.0,413457.0,498828.0,-30494.0,1894.0,116633.0,173404.0
2025-12-01,428098.0,526549.0,198799.0,126121.0,0.0,-1115.0,18315.0,0.0,824635.0,411171.0,413464.0,-8573.0,-1.0,-25773.0,17199.0,680023.0,423302.0,526549.0,-25287.0,-7777.0,128516.0,198699.0
2026-01-01,412451.0,506378.0,200538.0,121580.0,1.0,-10788.0,22410.0,0.0,821356.0,406144.0,415212.0,-3346.0,67.0,-14969.0,11690.0,693262.0,422009.0,509507.0,-31266.0,13239.0,128151.0,197622.0
2026-02-01,383894.0,445433.0,180799.0,121661.0,0.0,13819.0,17575.0,0.0,850349.0,434907.0,415442.0,28993.0,0.0,-2401.0,31394.0,,,,,,,
2026-03-01,425492.0,508285.0,202613.0,125332.0,1.0,7081.0,16327.0,0.0,868249.0,453424.0,414825.0,17897.0,3.0,-5512.0,23412.0,,,,,,,
2026-04-01,419441.0,484339.0,187705.0,167802.0,-1.0,10085.0,11357.0,0.0,844697.0,450173.0,394524.0,-23554.0,2.0,-44995.0,21443.0,,,,,,,
2026-05-01,426416.0,520392.0,184550.0,177579.0,0.0,-9252.0,32143.0,0.0,780584.0,425203.0,355381.0,-64114.0,1.0,-87005.0,22892.0,,,,,,,
2026-06-01,413760.0,516008.0,181311.0,142048.0,0.0,-8393.0,17103.0,0.0,726307.0,404121.0,322186.0,-54275.0,-2.0,-62985.0,8708.0,,,,,,,
