month,origin_month,horizon,model,actual_kb,predicted_kb
2016-07-01,2016-06-01,1,constrained_level,493458.0,487667.442084792
2016-07-01,2016-06-01,1,damped_ridge_change,493458.0,498121.20246729115
2016-07-01,2016-06-01,1,ensemble_change,493458.0,494112.09311425197
2016-07-01,2016-06-01,1,forecast_flow_identity,493458.0,487895.6049980839
2016-07-01,2016-06-01,1,huber_change,493458.0,490373.93332948256
2016-07-01,2016-06-01,1,neural_network_change,493458.0,493576.4501113509
2016-07-01,2016-06-01,1,persistence,493458.0,500857.0
2016-07-01,2016-06-01,1,polynomial_ridge_change,493458.0,498204.2832398542
2016-07-01,2016-06-01,1,random_forest_change,493458.0,490092.3722621284
2016-07-01,2016-06-01,1,ridge_change,493458.0,500700.0825841191
2016-07-01,2016-06-01,1,rolling_ridge_change,493458.0,499218.0534707406
2016-07-01,2016-06-01,1,seasonal_change,493458.0,488083.4
2016-07-01,2016-06-01,1,seasonal_naive,493458.0,424809.0
2016-07-01,2016-06-01,1,seasonal_residual_change,493458.0,488944.5167551363
2016-07-01,2016-06-01,1,seasonal_ridge_change,493458.0,498204.2832398542
2016-07-01,2016-06-01,1,spline_ridge_change,493458.0,501322.28659725824
2016-07-01,2016-06-01,1,xgboost_change,493458.0,486828.12109375
2016-08-01,2016-06-01,2,constrained_level,486675.0,479213.46667442017
2016-08-01,2016-06-01,2,damped_ridge_change,486675.0,496013.4116024622
2016-08-01,2016-06-01,2,ensemble_change,486675.0,492391.4713442822
2016-08-01,2016-06-01,2,forecast_flow_identity,486675.0,480647.12087796745
2016-08-01,2016-06-01,2,huber_change,486675.0,482379.9014703327
2016-08-01,2016-06-01,2,neural_network_change,486675.0,488197.9878213441
2016-08-01,2016-06-01,2,persistence,486675.0,500857.0
2016-08-01,2016-06-01,2,polynomial_ridge_change,486675.0,496269.51643012697
2016-08-01,2016-06-01,2,random_forest_change,486675.0,486856.24966129963
2016-08-01,2016-06-01,2,ridge_change,486675.0,501675.7755814075
2016-08-01,2016-06-01,2,rolling_ridge_change,486675.0,499114.0045461946
2016-08-01,2016-06-01,2,seasonal_change,486675.0,484355.0
2016-08-01,2016-06-01,2,seasonal_naive,486675.0,425853.0
2016-08-01,2016-06-01,2,seasonal_residual_change,486675.0,485706.60385916685
2016-08-01,2016-06-01,2,seasonal_ridge_change,486675.0,496269.51643012697
2016-08-01,2016-06-01,2,spline_ridge_change,486675.0,504076.50152662746
2016-08-01,2016-06-01,2,xgboost_change,486675.0,483896.755859375
2016-09-01,2016-06-01,3,constrained_level,471537.0,476934.93013815064
2016-09-01,2016-06-01,3,damped_ridge_change,471537.0,495578.2500825811
2016-09-01,2016-06-01,3,ensemble_change,471537.0,491908.92018939194
2016-09-01,2016-06-01,3,forecast_flow_identity,471537.0,483240.95213218295
2016-09-01,2016-06-01,3,huber_change,471537.0,480578.9775662299
2016-09-01,2016-06-01,3,neural_network_change,471537.0,487176.2630785104
2016-09-01,2016-06-01,3,persistence,471537.0,500857.0
2016-09-01,2016-06-01,3,polynomial_ridge_change,471537.0,496772.1000378452
2016-09-01,2016-06-01,3,random_forest_change,471537.0,487371.34071019007
2016-09-01,2016-06-01,3,ridge_change,471537.0,504312.2864818904
2016-09-01,2016-06-01,3,rolling_ridge_change,471537.0,500995.2376387771
2016-09-01,2016-06-01,3,seasonal_change,471537.0,484679.6
2016-09-01,2016-06-01,3,seasonal_naive,471537.0,429129.0
2016-09-01,2016-06-01,3,seasonal_residual_change,471537.0,487139.29424917
2016-09-01,2016-06-01,3,seasonal_ridge_change,471537.0,496772.1000378452
2016-09-01,2016-06-01,3,spline_ridge_change,471537.0,508985.6955367197
2016-09-01,2016-06-01,3,xgboost_change,471537.0,482954.626953125
2016-10-01,2016-06-01,4,constrained_level,491203.0,477992.0260679424
2016-10-01,2016-06-01,4,damped_ridge_change,491203.0,497223.3657321766
2016-10-01,2016-06-01,4,ensemble_change,491203.0,494760.6012330048
2016-10-01,2016-06-01,4,forecast_flow_identity,491203.0,499630.52446988714
2016-10-01,2016-06-01,4,huber_change,491203.0,485225.90498447785
2016-10-01,2016-06-01,4,neural_network_change,491203.0,490124.54235104803
2016-10-01,2016-06-01,4,persistence,491203.0,500857.0
2016-10-01,2016-06-01,4,polynomial_ridge_change,491203.0,500119.0829653802
2016-10-01,2016-06-01,4,random_forest_change,491203.0,493727.10605561343
2016-10-01,2016-06-01,4,ridge_change,491203.0,508347.86115309363
2016-10-01,2016-06-01,4,rolling_ridge_change,491203.0,505369.02505437646
2016-10-01,2016-06-01,4,seasonal_change,491203.0,498098.19999999995
2016-10-01,2016-06-01,4,seasonal_naive,491203.0,455213.0
2016-10-01,2016-06-01,4,seasonal_residual_change,491203.0,500855.44252025854
2016-10-01,2016-06-01,4,seasonal_ridge_change,491203.0,500119.0829653802
2016-10-01,2016-06-01,4,spline_ridge_change,491203.0,514389.9699754629
2016-10-01,2016-06-01,4,xgboost_change,491203.0,489136.951171875
2016-11-01,2016-06-01,5,constrained_level,490734.0,483917.3509005461
2016-11-01,2016-06-01,5,damped_ridge_change,490734.0,499995.2771007071
2016-11-01,2016-06-01,5,ensemble_change,490734.0,495875.79515126965
2016-11-01,2016-06-01,5,forecast_flow_identity,490734.0,501570.00724651664
2016-11-01,2016-06-01,5,huber_change,490734.0,492897.6630709934
2016-11-01,2016-06-01,5,neural_network_change,490734.0,495739.560778623
2016-11-01,2016-06-01,5,persistence,490734.0,500857.0
2016-11-01,2016-06-01,5,polynomial_ridge_change,490734.0,505286.8914129156
2016-11-01,2016-06-01,5,random_forest_change,490734.0,495091.26987115224
2016-11-01,2016-06-01,5,ridge_change,490734.0,512435.31413549883
2016-11-01,2016-06-01,5,rolling_ridge_change,490734.0,511260.4956566399
2016-11-01,2016-06-01,5,seasonal_change,490734.0,498083.79999999993
2016-11-01,2016-06-01,5,seasonal_naive,490734.0,455994.0
2016-11-01,2016-06-01,5,seasonal_residual_change,490734.0,502405.5351536508
2016-11-01,2016-06-01,5,seasonal_ridge_change,490734.0,505286.8914129156
2016-11-01,2016-06-01,5,spline_ridge_change,490734.0,518131.8709636371
2016-11-01,2016-06-01,5,xgboost_change,490734.0,491382.080078125
2016-12-01,2016-06-01,6,constrained_level,484622.0,484927.6306677499
2016-12-01,2016-06-01,6,damped_ridge_change,484622.0,502712.09349494113
2016-12-01,2016-06-01,6,ensemble_change,484622.0,497720.0833642985
2016-12-01,2016-06-01,6,forecast_flow_identity,484622.0,495129.9265107134
2016-12-01,2016-06-01,6,huber_change,484622.0,500859.1830493802
2016-12-01,2016-06-01,6,neural_network_change,484622.0,502572.9831203563
2016-12-01,2016-06-01,6,persistence,484622.0,500857.0
2016-12-01,2016-06-01,6,polynomial_ridge_change,484622.0,511080.4325397307
2016-12-01,2016-06-01,6,random_forest_change,484622.0,490849.6555405259
2016-12-01,2016-06-01,6,ridge_change,484622.0,515403.47387756506
2016-12-01,2016-06-01,6,rolling_ridge_change,484622.0,517876.8628954308
2016-12-01,2016-06-01,6,seasonal_change,484622.0,489960.8
2016-12-01,2016-06-01,6,seasonal_naive,484622.0,449220.0
2016-12-01,2016-06-01,6,seasonal_residual_change,484622.0,496662.5642591493
2016-12-01,2016-06-01,6,seasonal_ridge_change,484622.0,511080.4325397307
2016-12-01,2016-06-01,6,spline_ridge_change,484622.0,521195.23390763364
2016-12-01,2016-06-01,6,xgboost_change,484622.0,490676.576171875
2017-01-01,2016-06-01,7,constrained_level,506798.0,484516.9351553201
2017-01-01,2016-06-01,7,damped_ridge_change,506798.0,507154.0120278725
2017-01-01,2016-06-01,7,ensemble_change,506798.0,507369.3486452907
2017-01-01,2016-06-01,7,forecast_flow_identity,506798.0,517583.4923998043
2017-01-01,2016-06-01,7,huber_change,506798.0,512083.02789829206
2017-01-01,2016-06-01,7,neural_network_change,506798.0,513411.93570074014
2017-01-01,2016-06-01,7,persistence,506798.0,500857.0
2017-01-01,2016-06-01,7,polynomial_ridge_change,506798.0,518651.405999037
2017-01-01,2016-06-01,7,random_forest_change,506798.0,504887.1021127881
2017-01-01,2016-06-01,7,ridge_change,506798.0,519163.41386991844
2017-01-01,2016-06-01,7,rolling_ridge_change,506798.0,525863.2952667973
2017-01-01,2016-06-01,7,seasonal_change,506798.0,506181.0
2017-01-01,2016-06-01,7,seasonal_naive,506798.0,471767.0
2017-01-01,2016-06-01,7,seasonal_residual_change,506798.0,513292.4238412015
2017-01-01,2016-06-01,7,seasonal_ridge_change,506798.0,518651.4059990369
2017-01-01,2016-06-01,7,spline_ridge_change,506798.0,526686.76082378
2017-01-01,2016-06-01,7,xgboost_change,506798.0,502476.02734375
2017-02-01,2016-06-01,8,constrained_level,525419.0,494242.6055218978
2017-02-01,2016-06-01,8,damped_ridge_change,525419.0,513309.19693964877
2017-02-01,2016-06-01,8,ensemble_change,525419.0,517885.66318437184
2017-02-01,2016-06-01,8,forecast_flow_identity,525419.0,536426.0629067067
2017-02-01,2016-06-01,8,huber_change,525419.0,526015.3327234251
2017-02-01,2016-06-01,8,neural_network_change,525419.0,528206.1751339429
2017-02-01,2016-06-01,8,persistence,525419.0,500857.0
2017-02-01,2016-06-01,8,polynomial_ridge_change,525419.0,527679.2295493137
2017-02-01,2016-06-01,8,random_forest_change,525419.0,519331.39286723756
2017-02-01,2016-06-01,8,ridge_change,525419.0,524708.9818844225
2017-02-01,2016-06-01,8,rolling_ridge_change,525419.0,535306.6068011755
2017-02-01,2016-06-01,8,seasonal_change,525419.0,519785.79999999993
2017-02-01,2016-06-01,8,seasonal_naive,525419.0,492153.0
2017-02-01,2016-06-01,8,seasonal_residual_change,525419.0,527908.1510997227
2017-02-01,2016-06-01,8,seasonal_ridge_change,525419.0,527679.2295493135
2017-02-01,2016-06-01,8,spline_ridge_change,525419.0,533480.5487409215
2017-02-01,2016-06-01,8,xgboost_change,525419.0,518211.9375
2017-03-01,2016-06-01,9,constrained_level,538595.0,501751.3857863502
2017-03-01,2016-06-01,9,damped_ridge_change,538595.0,519391.0671046439
2017-03-01,2016-06-01,9,ensemble_change,538595.0,527720.5501162679
2017-03-01,2016-06-01,9,forecast_flow_identity,538595.0,558358.595001893
2017-03-01,2016-06-01,9,huber_change,538595.0,537890.0818491637
2017-03-01,2016-06-01,9,neural_network_change,538595.0,540926.2561676026
2017-03-01,2016-06-01,9,persistence,538595.0,500857.0
2017-03-01,2016-06-01,9,polynomial_ridge_change,538595.0,536041.1195698165
2017-03-01,2016-06-01,9,random_forest_change,538595.0,532950.7029411226
2017-03-01,2016-06-01,9,ridge_change,538595.0,530750.7696507812
2017-03-01,2016-06-01,9,rolling_ridge_change,538595.0,544415.8223164012
2017-03-01,2016-06-01,9,seasonal_change,538595.0,536347.6
2017-03-01,2016-06-01,9,seasonal_naive,538595.0,504811.0
2017-03-01,2016-06-01,9,seasonal_residual_change,538595.0,545444.4685503034
2017-03-01,2016-06-01,9,seasonal_ridge_change,538595.0,536041.1195698164
2017-03-01,2016-06-01,9,spline_ridge_change,538595.0,540621.7173706897
2017-03-01,2016-06-01,9,xgboost_change,538595.0,533247.380859375
2017-04-01,2016-06-01,10,constrained_level,524286.0,508209.51028266316
2017-04-01,2016-06-01,10,damped_ridge_change,524286.0,523841.5595061224
2017-04-01,2016-06-01,10,ensemble_change,524286.0,532713.3005596529
2017-04-01,2016-06-01,10,forecast_flow_identity,524286.0,570226.3098244256
2017-04-01,2016-06-01,10,huber_change,524286.0,545557.9991988513
2017-04-01,2016-06-01,10,neural_network_change,524286.0,548231.28204169
2017-04-01,2016-06-01,10,persistence,524286.0,500857.0
2017-04-01,2016-06-01,10,polynomial_ridge_change,524286.0,541983.363946992
2017-04-01,2016-06-01,10,random_forest_change,524286.0,539674.0965705897
2017-04-01,2016-06-01,10,ridge_change,524286.0,536084.4705471768
2017-04-01,2016-06-01,10,rolling_ridge_change,524286.0,551403.9823880626
2017-04-01,2016-06-01,10,seasonal_change,524286.0,543697.2000000001
2017-04-01,2016-06-01,10,seasonal_naive,524286.0,509323.0
2017-04-01,2016-06-01,10,seasonal_residual_change,524286.0,553931.2694908832
2017-04-01,2016-06-01,10,seasonal_ridge_change,524286.0,541983.3639469919
2017-04-01,2016-06-01,10,spline_ridge_change,524286.0,544583.1779435895
2017-04-01,2016-06-01,10,xgboost_change,524286.0,539613.978515625
2017-05-01,2016-06-01,11,constrained_level,516808.0,510845.24822450004
2017-05-01,2016-06-01,11,damped_ridge_change,516808.0,527107.5485576986
2017-05-01,2016-06-01,11,ensemble_change,516808.0,534454.5778790213
2017-05-01,2016-06-01,11,forecast_flow_identity,516808.0,575260.5372649838
2017-05-01,2016-06-01,11,huber_change,516808.0,548739.4462827559
2017-05-01,2016-06-01,11,neural_network_change,516808.0,551196.5801465777
2017-05-01,2016-06-01,11,persistence,516808.0,500857.0
2017-05-01,2016-06-01,11,polynomial_ridge_change,516808.0,546331.5762391987
2017-05-01,2016-06-01,11,random_forest_change,516808.0,538803.7521385276
2017-05-01,2016-06-01,11,ridge_change,516808.0,541657.4178947156
2017-05-01,2016-06-01,11,rolling_ridge_change,516808.0,556704.1248091669
2017-05-01,2016-06-01,11,seasonal_change,516808.0,543971.2
2017-05-01,2016-06-01,11,seasonal_naive,516808.0,511861.0
2017-05-01,2016-06-01,11,seasonal_residual_change,516808.0,555096.0855910244
2017-05-01,2016-06-01,11,seasonal_ridge_change,516808.0,546331.5762391987
2017-05-01,2016-06-01,11,spline_ridge_change,516808.0,546809.5551440193
2017-05-01,2016-06-01,11,xgboost_change,516808.0,541604.75
2017-06-01,2016-06-01,12,constrained_level,501557.0,510724.2574330609
2017-06-01,2016-06-01,12,damped_ridge_change,501557.0,528746.7548888787
2017-06-01,2016-06-01,12,ensemble_change,501557.0,530691.0956511139
2017-06-01,2016-06-01,12,forecast_flow_identity,501557.0,571016.7600699764
2017-06-01,2016-06-01,12,huber_change,501557.0,547665.6023322337
2017-06-01,2016-06-01,12,neural_network_change,501557.0,549000.2079188412
2017-06-01,2016-06-01,12,persistence,501557.0,500857.0
2017-06-01,2016-06-01,12,polynomial_ridge_change,501557.0,548475.2552577704
2017-06-01,2016-06-01,12,random_forest_change,501557.0,532064.094315408
2017-06-01,2016-06-01,12,ridge_change,501557.0,546527.6352848907
2017-06-01,2016-06-01,12,rolling_ridge_change,501557.0,559925.451077837
2017-06-01,2016-06-01,12,seasonal_change,501557.0,534288.6000000001
2017-06-01,2016-06-01,12,seasonal_naive,501557.0,500857.0
2017-06-01,2016-06-01,12,seasonal_residual_change,501557.0,547449.7338583365
2017-06-01,2016-06-01,12,seasonal_ridge_change,501557.0,548475.2552577703
2017-06-01,2016-06-01,12,spline_ridge_change,501557.0,545496.4441420905
2017-06-01,2016-06-01,12,xgboost_change,501557.0,535951.833984375
2017-07-01,2017-06-01,1,constrained_level,483411.0,492290.3879840598
2017-07-01,2017-06-01,1,damped_ridge_change,483411.0,498502.65114371915
2017-07-01,2017-06-01,1,ensemble_change,483411.0,494732.7148061129
2017-07-01,2017-06-01,1,forecast_flow_identity,483411.0,490338.38732731773
2017-07-01,2017-06-01,1,huber_change,483411.0,492959.7712108447
2017-07-01,2017-06-01,1,neural_network_change,483411.0,492683.05137850385
2017-07-01,2017-06-01,1,persistence,483411.0,501557.0
2017-07-01,2017-06-01,1,polynomial_ridge_change,483411.0,496591.6534202348
2017-07-01,2017-06-01,1,random_forest_change,483411.0,491994.8645422589
2017-07-01,2017-06-01,1,ridge_change,483411.0,501240.36220658984
2017-07-01,2017-06-01,1,rolling_ridge_change,483411.0,498515.6960025655
2017-07-01,2017-06-01,1,seasonal_change,483411.0,489185.0
2017-07-01,2017-06-01,1,seasonal_naive,483411.0,493458.0
2017-07-01,2017-06-01,1,seasonal_residual_change,483411.0,488671.36642111273
2017-07-01,2017-06-01,1,seasonal_ridge_change,483411.0,497598.39890340634
2017-07-01,2017-06-01,1,spline_ridge_change,483411.0,499136.1783348832
2017-07-01,2017-06-01,1,xgboost_change,483411.0,488742.8466796875
2017-08-01,2017-06-01,2,constrained_level,459982.0,487467.04775524186
2017-08-01,2017-06-01,2,damped_ridge_change,459982.0,496874.8188460508
2017-08-01,2017-06-01,2,ensemble_change,459982.0,492442.7138980978
2017-08-01,2017-06-01,2,forecast_flow_identity,459982.0,485998.94145996985
2017-08-01,2017-06-01,2,huber_change,459982.0,487478.0606204737
2017-08-01,2017-06-01,2,neural_network_change,459982.0,487571.5514038984
2017-08-01,2017-06-01,2,persistence,459982.0,501557.0
2017-08-01,2017-06-01,2,polynomial_ridge_change,459982.0,495436.93939307594
2017-08-01,2017-06-01,2,random_forest_change,459982.0,490548.6777114959
2017-08-01,2017-06-01,2,ridge_change,459982.0,502189.2731528736
2017-08-01,2017-06-01,2,rolling_ridge_change,459982.0,497148.9785693529
2017-08-01,2017-06-01,2,seasonal_change,459982.0,483995.0
2017-08-01,2017-06-01,2,seasonal_naive,459982.0,486675.0
2017-08-01,2017-06-01,2,seasonal_residual_change,459982.0,482000.14242546284
2017-08-01,2017-06-01,2,seasonal_ridge_change,459982.0,494572.5147256445
2017-08-01,2017-06-01,2,spline_ridge_change,459982.0,499342.32401466963
2017-08-01,2017-06-01,2,xgboost_change,459982.0,486263.5712890625
2017-09-01,2017-06-01,3,constrained_level,469588.0,487340.2690641734
2017-09-01,2017-06-01,3,damped_ridge_change,469588.0,496115.35586047434
2017-09-01,2017-06-01,3,ensemble_change,469588.0,491670.7535848126
2017-09-01,2017-06-01,3,forecast_flow_identity,469588.0,488963.3143053814
2017-09-01,2017-06-01,3,huber_change,469588.0,484272.6587489336
2017-09-01,2017-06-01,3,neural_network_change,469588.0,486234.9207830553
2017-09-01,2017-06-01,3,persistence,469588.0,501557.0
2017-09-01,2017-06-01,3,polynomial_ridge_change,469588.0,497173.764728694
2017-09-01,2017-06-01,3,random_forest_change,469588.0,490855.02833974664
2017-09-01,2017-06-01,3,ridge_change,469588.0,503588.888748076
2017-09-01,2017-06-01,3,rolling_ridge_change,469588.0,497983.2786325934
2017-09-01,2017-06-01,3,seasonal_change,469588.0,484606.4
2017-09-01,2017-06-01,3,seasonal_naive,469588.0,471537.0
2017-09-01,2017-06-01,3,seasonal_residual_change,469588.0,483638.70313106803
2017-09-01,2017-06-01,3,seasonal_ridge_change,469588.0,493451.5765587165
2017-09-01,2017-06-01,3,spline_ridge_change,469588.0,501616.4729868369
2017-09-01,2017-06-01,3,xgboost_change,469588.0,483934.3974609375
2017-10-01,2017-06-01,4,constrained_level,459731.0,489939.37976516405
2017-10-01,2017-06-01,4,damped_ridge_change,459731.0,497243.92988432804
2017-10-01,2017-06-01,4,ensemble_change,459731.0,495394.61754097923
2017-10-01,2017-06-01,4,forecast_flow_identity,459731.0,508307.8843167133
2017-10-01,2017-06-01,4,huber_change,459731.0,487343.3315774113
2017-10-01,2017-06-01,4,neural_network_change,459731.0,489810.78356755164
2017-10-01,2017-06-01,4,persistence,459731.0,501557.0
2017-10-01,2017-06-01,4,polynomial_ridge_change,459731.0,501003.87928788643
2017-10-01,2017-06-01,4,random_forest_change,459731.0,498396.1580002344
2017-10-01,2017-06-01,4,ridge_change,459731.0,505842.676202106
2017-10-01,2017-06-01,4,rolling_ridge_change,459731.0,501493.34393140324
2017-10-01,2017-06-01,4,seasonal_change,459731.0,500622.8
2017-10-01,2017-06-01,4,seasonal_naive,459731.0,491203.0
2017-10-01,2017-06-01,4,seasonal_residual_change,459731.0,497941.1081272164
2017-10-01,2017-06-01,4,seasonal_ridge_change,459731.0,494990.72910269373
2017-10-01,2017-06-01,4,spline_ridge_change,459731.0,504500.656451375
2017-10-01,2017-06-01,4,xgboost_change,459731.0,489938.2900390625
2017-11-01,2017-06-01,5,constrained_level,453054.0,497539.47418349225
2017-11-01,2017-06-01,5,damped_ridge_change,453054.0,499637.9856173662
2017-11-01,2017-06-01,5,ensemble_change,453054.0,496533.61868395586
2017-11-01,2017-06-01,5,forecast_flow_identity,453054.0,510679.98623533
2017-11-01,2017-06-01,5,huber_change,453054.0,494036.9854877304
2017-11-01,2017-06-01,5,neural_network_change,453054.0,495283.13401951885
2017-11-01,2017-06-01,5,persistence,453054.0,501557.0
2017-11-01,2017-06-01,5,polynomial_ridge_change,453054.0,505984.7576229364
2017-11-01,2017-06-01,5,random_forest_change,453054.0,499259.3757218256
2017-11-01,2017-06-01,5,ridge_change,453054.0,508632.1650457011
2017-11-01,2017-06-01,5,rolling_ridge_change,453054.0,507427.0898538953
2017-11-01,2017-06-01,5,seasonal_change,453054.0,500578.6
2017-11-01,2017-06-01,5,seasonal_naive,453054.0,490734.0
2017-11-01,2017-06-01,5,seasonal_residual_change,453054.0,496978.9561221944
2017-11-01,2017-06-01,5,seasonal_ridge_change,453054.0,499187.36133282044
2017-11-01,2017-06-01,5,spline_ridge_change,453054.0,506668.63051261584
2017-11-01,2017-06-01,5,xgboost_change,453054.0,489912.48046875
2017-12-01,2017-06-01,6,constrained_level,421646.0,499603.1401832995
2017-12-01,2017-06-01,6,damped_ridge_change,421646.0,502420.15556230594
2017-12-01,2017-06-01,6,ensemble_change,421646.0,497968.02407330123
2017-12-01,2017-06-01,6,forecast_flow_identity,421646.0,504769.2901383694
2017-12-01,2017-06-01,6,huber_change,421646.0,501255.32916178956
2017-12-01,2017-06-01,6,neural_network_change,421646.0,501450.9641877474
2017-12-01,2017-06-01,6,persistence,421646.0,501557.0
2017-12-01,2017-06-01,6,polynomial_ridge_change,421646.0,511623.49888273876
2017-12-01,2017-06-01,6,random_forest_change,421646.0,495691.38497094257
2017-12-01,2017-06-01,6,ridge_change,421646.0,510191.11388009624
2017-12-01,2017-06-01,6,rolling_ridge_change,421646.0,513508.16256618075
2017-12-01,2017-06-01,6,seasonal_change,421646.0,492509.39999999997
2017-12-01,2017-06-01,6,seasonal_naive,421646.0,484622.0
2017-12-01,2017-06-01,6,seasonal_residual_change,421646.0,490769.2209453244
2017-12-01,2017-06-01,6,seasonal_ridge_change,421646.0,504258.74771140836
2017-12-01,2017-06-01,6,spline_ridge_change,421646.0,507816.1231983144
2017-12-01,2017-06-01,6,xgboost_change,421646.0,490127.48828125
2018-01-01,2017-06-01,7,constrained_level,420760.0,500352.1037350876
2018-01-01,2017-06-01,7,damped_ridge_change,420760.0,506218.44510649
2018-01-01,2017-06-01,7,ensemble_change,420760.0,507235.7691876081
2018-01-01,2017-06-01,7,forecast_flow_identity,420760.0,532264.4538918372
2018-01-01,2017-06-01,7,huber_change,420760.0,512358.88386514736
2018-01-01,2017-06-01,7,neural_network_change,420760.0,513400.8337419761
2018-01-01,2017-06-01,7,persistence,420760.0,501557.0
2018-01-01,2017-06-01,7,polynomial_ridge_change,420760.0,518498.22406473424
2018-01-01,2017-06-01,7,random_forest_change,420760.0,509937.4544794944
2018-01-01,2017-06-01,7,ridge_change,420760.0,512278.1714707032
2018-01-01,2017-06-01,7,rolling_ridge_change,420760.0,520346.0419370842
2018-01-01,2017-06-01,7,seasonal_change,420760.0,511232.6
2018-01-01,2017-06-01,7,seasonal_naive,420760.0,506798.0
2018-01-01,2017-06-01,7,seasonal_residual_change,420760.0,508927.73730703146
2018-01-01,2017-06-01,7,seasonal_ridge_change,420760.0,510793.7630734146
2018-01-01,2017-06-01,7,spline_ridge_change,420760.0,511260.0597480054
2018-01-01,2017-06-01,7,xgboost_change,420760.0,503164.62890625
2018-02-01,2017-06-01,8,constrained_level,423843.0,510275.6783388446
2018-02-01,2017-06-01,8,damped_ridge_change,423843.0,510455.32348516607
2018-02-01,2017-06-01,8,ensemble_change,423843.0,517426.0849308086
2018-02-01,2017-06-01,8,forecast_flow_identity,423843.0,556081.1510650322
2018-02-01,2017-06-01,8,huber_change,423843.0,524730.0754793263
2018-02-01,2017-06-01,8,neural_network_change,423843.0,527080.4555785325
2018-02-01,2017-06-01,8,persistence,423843.0,501557.0
2018-02-01,2017-06-01,8,polynomial_ridge_change,423843.0,525345.3411056707
2018-02-01,2017-06-01,8,random_forest_change,423843.0,523777.75078025094
2018-02-01,2017-06-01,8,ridge_change,423843.0,515408.74349129247
2018-02-01,2017-06-01,8,rolling_ridge_change,423843.0,527795.142498823
2018-02-01,2017-06-01,8,seasonal_change,423843.0,527562.2
2018-02-01,2017-06-01,8,seasonal_naive,423843.0,525419.0
2018-02-01,2017-06-01,8,seasonal_residual_change,423843.0,526889.2351956933
2018-02-01,2017-06-01,8,seasonal_ridge_change,423843.0,518192.1035094069
2018-02-01,2017-06-01,8,spline_ridge_change,423843.0,516380.630934261
2018-02-01,2017-06-01,8,xgboost_change,423843.0,517794.7958984375
2018-03-01,2017-06-01,9,constrained_level,424939.0,519755.68298080337
2018-03-01,2017-06-01,9,damped_ridge_change,424939.0,514165.8768741297
2018-03-01,2017-06-01,9,ensemble_change,424939.0,526935.2609994091
2018-03-01,2017-06-01,9,forecast_flow_identity,424939.0,578147.6048831329
2018-03-01,2017-06-01,9,huber_change,424939.0,535328.3939078898
2018-03-01,2017-06-01,9,neural_network_change,424939.0,537856.502365167
2018-03-01,2017-06-01,9,persistence,424939.0,501557.0
2018-03-01,2017-06-01,9,polynomial_ridge_change,424939.0,530596.564679107
2018-03-01,2017-06-01,9,random_forest_change,424939.0,537510.5579080256
2018-03-01,2017-06-01,9,ridge_change,424939.0,518996.94792221783
2018-03-01,2017-06-01,9,rolling_ridge_change,424939.0,534607.9893070594
2018-03-01,2017-06-01,9,seasonal_change,424939.0,541813.4
2018-03-01,2017-06-01,9,seasonal_naive,424939.0,538595.0
2018-03-01,2017-06-01,9,seasonal_residual_change,424939.0,539247.9338053617
2018-03-01,2017-06-01,9,seasonal_ridge_change,424939.0,524760.7401312991
2018-03-01,2017-06-01,9,spline_ridge_change,424939.0,520752.08942731767
2018-03-01,2017-06-01,9,xgboost_change,424939.0,531340.5185546875
2018-04-01,2017-06-01,10,constrained_level,436578.0,525889.6430949612
2018-04-01,2017-06-01,10,damped_ridge_change,436578.0,515987.28339710116
2018-04-01,2017-06-01,10,ensemble_change,436578.0,529564.2198999778
2018-04-01,2017-06-01,10,forecast_flow_identity,436578.0,587823.6455390913
2018-04-01,2017-06-01,10,huber_change,436578.0,539359.8454218949
2018-04-01,2017-06-01,10,neural_network_change,436578.0,540699.3793170147
2018-04-01,2017-06-01,10,persistence,436578.0,501557.0
2018-04-01,2017-06-01,10,polynomial_ridge_change,436578.0,532504.1434081161
2018-04-01,2017-06-01,10,random_forest_change,436578.0,540440.1073883481
2018-04-01,2017-06-01,10,ridge_change,436578.0,521688.94212727586
2018-04-01,2017-06-01,10,rolling_ridge_change,436578.0,538850.8468900908
2018-04-01,2017-06-01,10,seasonal_change,436578.0,544413.8
2018-04-01,2017-06-01,10,seasonal_naive,436578.0,524286.0
2018-04-01,2017-06-01,10,seasonal_residual_change,436578.0,542601.8061915062
2018-04-01,2017-06-01,10,seasonal_ridge_change,436578.0,528143.0727520253
2018-04-01,2017-06-01,10,spline_ridge_change,436578.0,522892.44816160464
2018-04-01,2017-06-01,10,xgboost_change,436578.0,532651.0771484375
2018-05-01,2017-06-01,11,constrained_level,434197.0,527907.7075013269
2018-05-01,2017-06-01,11,damped_ridge_change,434197.0,516435.6119996156
2018-05-01,2017-06-01,11,ensemble_change,434197.0,529454.186732734
2018-05-01,2017-06-01,11,forecast_flow_identity,434197.0,592182.1129330784
2018-05-01,2017-06-01,11,huber_change,434197.0,538747.2108543791
2018-05-01,2017-06-01,11,neural_network_change,434197.0,537252.1760777356
2018-05-01,2017-06-01,11,persistence,434197.0,501557.0
2018-05-01,2017-06-01,11,polynomial_ridge_change,434197.0,531409.9698993871
2018-05-01,2017-06-01,11,random_forest_change,434197.0,536188.429258373
2018-05-01,2017-06-01,11,ridge_change,434197.0,524083.7203698945
2018-05-01,2017-06-01,11,rolling_ridge_change,434197.0,541047.3917152324
2018-05-01,2017-06-01,11,seasonal_change,434197.0,541849.3999999999
2018-05-01,2017-06-01,11,seasonal_naive,434197.0,516808.0
2018-05-01,2017-06-01,11,seasonal_residual_change,434197.0,540485.033403923
2018-05-01,2017-06-01,11,seasonal_ridge_change,434197.0,529312.9902638516
2018-05-01,2017-06-01,11,spline_ridge_change,434197.0,522842.92674236116
2018-05-01,2017-06-01,11,xgboost_change,434197.0,529356.46484375
2018-06-01,2017-06-01,12,constrained_level,415152.0,528610.9156547646
2018-06-01,2017-06-01,12,damped_ridge_change,415152.0,515561.6567874606
2018-06-01,2017-06-01,12,ensemble_change,415152.0,524057.8707549495
2018-06-01,2017-06-01,12,forecast_flow_identity,415152.0,587219.4489351707
2018-06-01,2017-06-01,12,huber_change,415152.0,534272.5798416289
2018-06-01,2017-06-01,12,neural_network_change,415152.0,529558.9875824566
2018-06-01,2017-06-01,12,persistence,415152.0,501557.0
2018-06-01,2017-06-01,12,polynomial_ridge_change,415152.0,528096.9308842819
2018-06-01,2017-06-01,12,random_forest_change,415152.0,528477.3653643824
2018-06-01,2017-06-01,12,ridge_change,415152.0,526067.618484224
2018-06-01,2017-06-01,12,rolling_ridge_change,415152.0,541044.0119186392
2018-06-01,2017-06-01,12,seasonal_change,415152.0,529437.8
2018-06-01,2017-06-01,12,seasonal_naive,415152.0,501557.0
2018-06-01,2017-06-01,12,seasonal_residual_change,415152.0,530876.2476352741
2018-06-01,2017-06-01,12,seasonal_ridge_change,415152.0,528105.9248528806
2018-06-01,2017-06-01,12,spline_ridge_change,415152.0,520231.02625044476
2018-06-01,2017-06-01,12,xgboost_change,415152.0,518888.470703125
2018-07-01,2018-06-01,1,constrained_level,409641.0,406078.9709706089
2018-07-01,2018-06-01,1,damped_ridge_change,409641.0,409961.55382614245
2018-07-01,2018-06-01,1,ensemble_change,409641.0,406424.05853785994
2018-07-01,2018-06-01,1,forecast_flow_identity,409641.0,398371.3734804451
2018-07-01,2018-06-01,1,huber_change,409641.0,397935.6087003321
2018-07-01,2018-06-01,1,neural_network_change,409641.0,399662.2488247415
2018-07-01,2018-06-01,1,persistence,409641.0,415152.0
2018-07-01,2018-06-01,1,polynomial_ridge_change,409641.0,405293.6927382515
2018-07-01,2018-06-01,1,random_forest_change,409641.0,404406.47995966277
2018-07-01,2018-06-01,1,ridge_change,409641.0,409356.3987398658
2018-07-01,2018-06-01,1,rolling_ridge_change,409641.0,407084.6295251431
2018-07-01,2018-06-01,1,seasonal_change,409641.0,402246.0
2018-07-01,2018-06-01,1,seasonal_naive,409641.0,483411.0
2018-07-01,2018-06-01,1,seasonal_residual_change,409641.0,399744.1225517775
2018-07-01,2018-06-01,1,seasonal_ridge_change,409641.0,405902.9817985385
2018-07-01,2018-06-01,1,spline_ridge_change,409641.0,407907.26689646096
2018-07-01,2018-06-01,1,xgboost_change,409641.0,402526.888671875
2018-08-01,2018-06-01,2,constrained_level,407583.0,404446.0794072658
2018-08-01,2018-06-01,2,damped_ridge_change,407583.0,407545.24231183354
2018-08-01,2018-06-01,2,ensemble_change,407583.0,402817.35546783113
2018-08-01,2018-06-01,2,forecast_flow_identity,407583.0,386684.462115344
2018-08-01,2018-06-01,2,huber_change,407583.0,390824.8649898884
2018-08-01,2018-06-01,2,neural_network_change,407583.0,392460.60243291984
2018-08-01,2018-06-01,2,persistence,407583.0,415152.0
2018-08-01,2018-06-01,2,polynomial_ridge_change,407583.0,401553.11514726904
2018-08-01,2018-06-01,2,random_forest_change,407583.0,398206.13551899616
2018-08-01,2018-06-01,2,ridge_change,407583.0,407887.78198918107
2018-08-01,2018-06-01,2,rolling_ridge_change,407583.0,402004.0783427841
2018-08-01,2018-06-01,2,seasonal_change,407583.0,394427.4
2018-08-01,2018-06-01,2,seasonal_naive,407583.0,459982.0
2018-08-01,2018-06-01,2,seasonal_residual_change,407583.0,390843.8780686524
2018-08-01,2018-06-01,2,seasonal_ridge_change,407583.0,400636.7757660124
2018-08-01,2018-06-01,2,spline_ridge_change,407583.0,404827.05287752865
2018-08-01,2018-06-01,2,xgboost_change,407583.0,400597.6748046875
2018-09-01,2018-06-01,3,constrained_level,416684.0,405212.3180470749
2018-09-01,2018-06-01,3,damped_ridge_change,416684.0,405973.4140121359
2018-09-01,2018-06-01,3,ensemble_change,416684.0,399741.437816894
2018-09-01,2018-06-01,3,forecast_flow_identity,416684.0,383468.7641766931
2018-09-01,2018-06-01,3,huber_change,416684.0,385989.6266152397
2018-09-01,2018-06-01,3,neural_network_change,416684.0,386450.97074498184
2018-09-01,2018-06-01,3,persistence,416684.0,415152.0
2018-09-01,2018-06-01,3,polynomial_ridge_change,416684.0,399080.0490464838
2018-09-01,2018-06-01,3,random_forest_change,416684.0,393910.5159763123
2018-09-01,2018-06-01,3,ridge_change,416684.0,407034.15357158036
2018-09-01,2018-06-01,3,rolling_ridge_change,416684.0,398016.94387722126
2018-09-01,2018-06-01,3,seasonal_change,416684.0,395569.8
2018-09-01,2018-06-01,3,seasonal_naive,416684.0,469588.0
2018-09-01,2018-06-01,3,seasonal_residual_change,416684.0,391870.44634216663
2018-09-01,2018-06-01,3,seasonal_ridge_change,416684.0,396750.7716403395
2018-09-01,2018-06-01,3,spline_ridge_change,416684.0,403051.11787201394
2018-09-01,2018-06-01,3,xgboost_change,416684.0,396891.41015625
2018-10-01,2018-06-01,4,constrained_level,433808.0,408635.3272862545
2018-10-01,2018-06-01,4,damped_ridge_change,433808.0,405753.0173235865
2018-10-01,2018-06-01,4,ensemble_change,433808.0,398507.56156477885
2018-10-01,2018-06-01,4,forecast_flow_identity,433808.0,392559.6485383068
2018-10-01,2018-06-01,4,huber_change,433808.0,384633.8076663247
2018-10-01,2018-06-01,4,neural_network_change,433808.0,384486.134391205
2018-10-01,2018-06-01,4,persistence,433808.0,415152.0
2018-10-01,2018-06-01,4,polynomial_ridge_change,433808.0,398188.5889876631
2018-10-01,2018-06-01,4,random_forest_change,433808.0,394031.0348403328
2018-10-01,2018-06-01,4,ridge_change,433808.0,407109.4514823654
2018-10-01,2018-06-01,4,rolling_ridge_change,433808.0,396361.86709890916
2018-10-01,2018-06-01,4,seasonal_change,433808.0,408377.0
2018-10-01,2018-06-01,4,seasonal_naive,433808.0,459731.0
2018-10-01,2018-06-01,4,seasonal_residual_change,433808.0,402246.72247268667
2018-10-01,2018-06-01,4,seasonal_ridge_change,433808.0,395390.1923055083
2018-10-01,2018-06-01,4,spline_ridge_change,433808.0,402518.4522890161
2018-10-01,2018-06-01,4,xgboost_change,433808.0,395099.2841796875
2018-11-01,2018-06-01,5,constrained_level,449379.0,414808.2226306894
2018-11-01,2018-06-01,5,damped_ridge_change,449379.0,407008.5413086322
2018-11-01,2018-06-01,5,ensemble_change,449379.0,396048.4483717289
2018-11-01,2018-06-01,5,forecast_flow_identity,449379.0,385819.32086435717
2018-11-01,2018-06-01,5,huber_change,449379.0,387806.41020601883
2018-11-01,2018-06-01,5,neural_network_change,449379.0,386084.98716619314
2018-11-01,2018-06-01,5,persistence,449379.0,415152.0
2018-11-01,2018-06-01,5,polynomial_ridge_change,449379.0,398519.3409672269
2018-11-01,2018-06-01,5,random_forest_change,449379.0,390964.7166783648
2018-11-01,2018-06-01,5,ridge_change,449379.0,407904.6620897776
2018-11-01,2018-06-01,5,rolling_ridge_change,449379.0,397073.06548934174
2018-11-01,2018-06-01,5,seasonal_change,449379.0,406421.39999999997
2018-11-01,2018-06-01,5,seasonal_naive,449379.0,453054.0
2018-11-01,2018-06-01,5,seasonal_residual_change,449379.0,400364.41535887285
2018-11-01,2018-06-01,5,seasonal_ridge_change,449379.0,396748.48157265177
2018-11-01,2018-06-01,5,spline_ridge_change,449379.0,401548.32209542015
2018-11-01,2018-06-01,5,xgboost_change,449379.0,390835.970703125
2018-12-01,2018-06-01,6,constrained_level,442501.0,416443.1770090845
2018-12-01,2018-06-01,6,damped_ridge_change,442501.0,409266.4348405935
2018-12-01,2018-06-01,6,ensemble_change,442501.0,393417.22439558
2018-12-01,2018-06-01,6,forecast_flow_identity,442501.0,371332.69617406453
2018-12-01,2018-06-01,6,huber_change,442501.0,392970.30961486883
2018-12-01,2018-06-01,6,neural_network_change,442501.0,390395.3959143745
2018-12-01,2018-06-01,6,persistence,442501.0,415152.0
2018-12-01,2018-06-01,6,polynomial_ridge_change,442501.0,400574.3081075296
2018-12-01,2018-06-01,6,random_forest_change,442501.0,380207.4952748328
2018-12-01,2018-06-01,6,ridge_change,442501.0,407959.07423963386
2018-12-01,2018-06-01,6,rolling_ridge_change,442501.0,399409.84225582605
2018-12-01,2018-06-01,6,seasonal_change,442501.0,394993.6
2018-12-01,2018-06-01,6,seasonal_naive,442501.0,421646.0
2018-12-01,2018-06-01,6,seasonal_residual_change,442501.0,390718.8762191898
2018-12-01,2018-06-01,6,seasonal_ridge_change,442501.0,399619.840222752
2018-12-01,2018-06-01,6,spline_ridge_change,442501.0,400162.62256125355
2018-12-01,2018-06-01,6,xgboost_change,442501.0,387133.1982421875
2019-01-01,2018-06-01,7,constrained_level,448972.0,415994.92584960617
2019-01-01,2018-06-01,7,damped_ridge_change,448972.0,412274.8092035266
2019-01-01,2018-06-01,7,ensemble_change,448972.0,398880.1106327718
2019-01-01,2018-06-01,7,forecast_flow_identity,448972.0,388402.664917363
2019-01-01,2018-06-01,7,huber_change,448972.0,401335.11424998485
2019-01-01,2018-06-01,7,neural_network_change,448972.0,399184.6300842241
2019-01-01,2018-06-01,7,persistence,448972.0,415152.0
2019-01-01,2018-06-01,7,polynomial_ridge_change,448972.0,403688.6972267864
2019-01-01,2018-06-01,7,random_forest_change,448972.0,388907.9125742954
2019-01-01,2018-06-01,7,ridge_change,448972.0,407850.5012432961
2019-01-01,2018-06-01,7,rolling_ridge_change,448972.0,402319.82184828643
2019-01-01,2018-06-01,7,seasonal_change,448972.0,411239.99999999994
2019-01-01,2018-06-01,7,seasonal_naive,448972.0,420760.0
2019-01-01,2018-06-01,7,seasonal_residual_change,448972.0,406628.08075259364
2019-01-01,2018-06-01,7,seasonal_ridge_change,448972.0,403654.65792154294
2019-01-01,2018-06-01,7,spline_ridge_change,448972.0,400233.5764518867
2019-01-01,2018-06-01,7,xgboost_change,448972.0,394591.8154296875
2019-02-01,2018-06-01,8,constrained_level,451660.0,422772.83056915854
2019-02-01,2018-06-01,8,damped_ridge_change,451660.0,415451.77653250477
2019-02-01,2018-06-01,8,ensemble_change,451660.0,404788.066685203
2019-02-01,2018-06-01,8,forecast_flow_identity,451660.0,404204.19455597113
2019-02-01,2018-06-01,8,huber_change,451660.0,410219.74141896283
2019-02-01,2018-06-01,8,neural_network_change,451660.0,409396.86972308217
2019-02-01,2018-06-01,8,persistence,451660.0,415152.0
2019-02-01,2018-06-01,8,polynomial_ridge_change,451660.0,406842.460779292
2019-02-01,2018-06-01,8,random_forest_change,451660.0,396176.17079533765
2019-02-01,2018-06-01,8,ridge_change,451660.0,408210.5502291516
2019-02-01,2018-06-01,8,rolling_ridge_change,451660.0,405126.4790448939
2019-02-01,2018-06-01,8,seasonal_change,451660.0,426685.19999999995
2019-02-01,2018-06-01,8,seasonal_naive,451660.0,423843.0
2019-02-01,2018-06-01,8,seasonal_residual_change,451660.0,421961.8967643782
2019-02-01,2018-06-01,8,seasonal_ridge_change,451660.0,407989.3221858981
2019-02-01,2018-06-01,8,spline_ridge_change,451660.0,402371.57142533705
2019-02-01,2018-06-01,8,xgboost_change,451660.0,402241.892578125
2019-03-01,2018-06-01,9,constrained_level,458890.0,429177.6525079774
2019-03-01,2018-06-01,9,damped_ridge_change,458890.0,417903.47270910826
2019-03-01,2018-06-01,9,ensemble_change,458890.0,410033.9682240532
2019-03-01,2018-06-01,9,forecast_flow_identity,458890.0,417027.9961831315
2019-03-01,2018-06-01,9,huber_change,458890.0,415814.9437785018
2019-03-01,2018-06-01,9,neural_network_change,458890.0,416760.677343634
2019-03-01,2018-06-01,9,persistence,458890.0,415152.0
2019-03-01,2018-06-01,9,polynomial_ridge_change,458890.0,408946.32992824045
2019-03-01,2018-06-01,9,random_forest_change,458890.0,402096.6994585558
2019-03-01,2018-06-01,9,ridge_change,458890.0,408586.42001512094
2019-03-01,2018-06-01,9,rolling_ridge_change,458890.0,406924.6720100139
2019-03-01,2018-06-01,9,seasonal_change,458890.0,439591.19999999995
2019-03-01,2018-06-01,9,seasonal_naive,458890.0,424939.0
2019-03-01,2018-06-01,9,seasonal_residual_change,458890.0,432203.8571149923
2019-03-01,2018-06-01,9,seasonal_ridge_change,458890.0,411106.78153598733
2019-03-01,2018-06-01,9,spline_ridge_change,458890.0,404891.6064866275
2019-03-01,2018-06-01,9,xgboost_change,458890.0,410156.275390625
2019-04-01,2018-06-01,10,constrained_level,469802.0,434451.58158188144
2019-04-01,2018-06-01,10,damped_ridge_change,469802.0,419160.85985328315
2019-04-01,2018-06-01,10,ensemble_change,469802.0,410342.3767935326
2019-04-01,2018-06-01,10,forecast_flow_identity,469802.0,420403.06041704316
2019-04-01,2018-06-01,10,huber_change,469802.0,417904.99186557153
2019-04-01,2018-06-01,10,neural_network_change,469802.0,418725.10770884214
2019-04-01,2018-06-01,10,persistence,469802.0,415152.0
2019-04-01,2018-06-01,10,polynomial_ridge_change,469802.0,409231.6411039468
2019-04-01,2018-06-01,10,random_forest_change,469802.0,401923.944817133
2019-04-01,2018-06-01,10,ridge_change,469802.0,408883.0715744225
2019-04-01,2018-06-01,10,rolling_ridge_change,469802.0,407583.1414446664
2019-04-01,2018-06-01,10,seasonal_change,469802.0,443932.5999999999
2019-04-01,2018-06-01,10,seasonal_naive,469802.0,436578.0
2019-04-01,2018-06-01,10,seasonal_residual_change,469802.0,435984.62402107054
2019-04-01,2018-06-01,10,seasonal_ridge_change,469802.0,412258.67875181464
2019-04-01,2018-06-01,10,spline_ridge_change,469802.0,405336.932892182
2019-04-01,2018-06-01,10,xgboost_change,469802.0,410746.755859375
2019-05-01,2018-06-01,11,constrained_level,481125.0,435556.46353128104
2019-05-01,2018-06-01,11,damped_ridge_change,481125.0,419160.05539481627
2019-05-01,2018-06-01,11,ensemble_change,481125.0,408226.9765226686
2019-05-01,2018-06-01,11,forecast_flow_identity,481125.0,416218.1825913092
2019-05-01,2018-06-01,11,huber_change,481125.0,415699.16200389666
2019-05-01,2018-06-01,11,neural_network_change,481125.0,415249.52322720917
2019-05-01,2018-06-01,11,persistence,481125.0,415152.0
2019-05-01,2018-06-01,11,polynomial_ridge_change,481125.0,406662.09541203245
2019-05-01,2018-06-01,11,random_forest_change,481125.0,395194.2946307751
2019-05-01,2018-06-01,11,ridge_change,481125.0,409015.1839238276
2019-05-01,2018-06-01,11,rolling_ridge_change,481125.0,406096.21626354626
2019-05-01,2018-06-01,11,seasonal_change,481125.0,441742.19999999995
2019-05-01,2018-06-01,11,seasonal_naive,481125.0,434197.0
2019-05-01,2018-06-01,11,seasonal_residual_change,481125.0,434239.08744553843
2019-05-01,2018-06-01,11,seasonal_ridge_change,481125.0,411159.75791142485
2019-05-01,2018-06-01,11,spline_ridge_change,481125.0,402780.5426135826
2019-05-01,2018-06-01,11,xgboost_change,481125.0,407649.8564453125
2019-06-01,2018-06-01,12,constrained_level,463446.0,435600.55536061374
2019-06-01,2018-06-01,12,damped_ridge_change,463446.0,417911.5523301054
2019-06-01,2018-06-01,12,ensemble_change,463446.0,401003.3460287414
2019-06-01,2018-06-01,12,forecast_flow_identity,463446.0,402658.85453085846
2019-06-01,2018-06-01,12,huber_change,463446.0,410135.93918832415
2019-06-01,2018-06-01,12,neural_network_change,463446.0,407326.1889837996
2019-06-01,2018-06-01,12,persistence,463446.0,415152.0
2019-06-01,2018-06-01,12,polynomial_ridge_change,463446.0,401734.53250137775
2019-06-01,2018-06-01,12,random_forest_change,463446.0,385055.6526656862
2019-06-01,2018-06-01,12,ridge_change,463446.0,408531.2747249496
2019-06-01,2018-06-01,12,rolling_ridge_change,463446.0,402479.11586177
2019-06-01,2018-06-01,12,seasonal_change,463446.0,428420.99999999994
2019-06-01,2018-06-01,12,seasonal_naive,463446.0,415152.0
2019-06-01,2018-06-01,12,seasonal_residual_change,463446.0,422706.38774251257
2019-06-01,2018-06-01,12,seasonal_ridge_change,463446.0,407644.80933386105
2019-06-01,2018-06-01,12,spline_ridge_change,463446.0,397491.2781998689
2019-06-01,2018-06-01,12,xgboost_change,463446.0,398158.4951171875
2021-07-01,2021-06-01,1,constrained_level,438745.0,440527.270399054
2021-07-01,2021-06-01,1,damped_ridge_change,438745.0,444495.5001111431
2021-07-01,2021-06-01,1,ensemble_change,438745.0,441330.79672365333
2021-07-01,2021-06-01,1,forecast_flow_identity,438745.0,442977.4474443302
2021-07-01,2021-06-01,1,huber_change,438745.0,440854.09386370657
2021-07-01,2021-06-01,1,neural_network_change,438745.0,440587.5111444504
2021-07-01,2021-06-01,1,persistence,438745.0,448108.0
2021-07-01,2021-06-01,1,polynomial_ridge_change,438745.0,442734.2972216477
2021-07-01,2021-06-01,1,random_forest_change,438745.0,440450.53581149125
2021-07-01,2021-06-01,1,ridge_change,438745.0,446320.5023614414
2021-07-01,2021-06-01,1,rolling_ridge_change,438745.0,442483.6086277827
2021-07-01,2021-06-01,1,seasonal_change,438745.0,434725.0
2021-07-01,2021-06-01,1,seasonal_naive,438745.0,520124.0
2021-07-01,2021-06-01,1,seasonal_residual_change,438745.0,434606.87704984564
2021-07-01,2021-06-01,1,seasonal_ridge_change,438745.0,442734.2972216477
2021-07-01,2021-06-01,1,spline_ridge_change,438745.0,444275.0804391033
2021-07-01,2021-06-01,1,xgboost_change,438745.0,434158.7548828125
2021-08-01,2021-06-01,2,constrained_level,421525.0,441406.79986285605
2021-08-01,2021-06-01,2,damped_ridge_change,421525.0,442871.265716623
2021-08-01,2021-06-01,2,ensemble_change,421525.0,437659.0669259854
2021-08-01,2021-06-01,2,forecast_flow_identity,421525.0,441263.80680941895
2021-08-01,2021-06-01,2,huber_change,421525.0,436236.97550337255
2021-08-01,2021-06-01,2,neural_network_change,421525.0,435277.9624264231
2021-08-01,2021-06-01,2,persistence,421525.0,448108.0
2021-08-01,2021-06-01,2,polynomial_ridge_change,421525.0,439662.53460600495
2021-08-01,2021-06-01,2,random_forest_change,421525.0,434789.91079243325
2021-08-01,2021-06-01,2,ridge_change,421525.0,446551.60843062436
2021-08-01,2021-06-01,2,rolling_ridge_change,421525.0,438055.39450162346
2021-08-01,2021-06-01,2,seasonal_change,421525.0,426185.8
2021-08-01,2021-06-01,2,seasonal_naive,421525.0,504399.0
2021-08-01,2021-06-01,2,seasonal_residual_change,421525.0,425945.38793558255
2021-08-01,2021-06-01,2,seasonal_ridge_change,421525.0,439662.53460600495
2021-08-01,2021-06-01,2,spline_ridge_change,421525.0,442595.6161205501
2021-08-01,2021-06-01,2,xgboost_change,421525.0,426730.79345703125
2021-09-01,2021-06-01,3,constrained_level,420343.0,443373.7720388671
2021-09-01,2021-06-01,3,damped_ridge_change,420343.0,441889.2762439908
2021-09-01,2021-06-01,3,ensemble_change,420343.0,435488.58914631716
2021-09-01,2021-06-01,3,forecast_flow_identity,420343.0,447237.37420109264
2021-09-01,2021-06-01,3,huber_change,420343.0,434079.14983016014
2021-09-01,2021-06-01,3,neural_network_change,420343.0,431711.6521946448
2021-09-01,2021-06-01,3,persistence,420343.0,448108.0
2021-09-01,2021-06-01,3,polynomial_ridge_change,420343.0,437521.9973914346
2021-09-01,2021-06-01,3,random_forest_change,420343.0,431377.1174172491
2021-09-01,2021-06-01,3,ridge_change,420343.0,447140.29740989034
2021-09-01,2021-06-01,3,rolling_ridge_change,420343.0,434397.36471327755
2021-09-01,2021-06-01,3,seasonal_change,420343.0,426654.0
2021-09-01,2021-06-01,3,seasonal_naive,420343.0,497724.0
2021-09-01,2021-06-01,3,seasonal_residual_change,420343.0,426774.039733321
2021-09-01,2021-06-01,3,seasonal_ridge_change,420343.0,437521.9973914346
2021-09-01,2021-06-01,3,spline_ridge_change,420343.0,442099.50745263614
2021-09-01,2021-06-01,3,xgboost_change,420343.0,422057.66064453125
2021-10-01,2021-06-01,4,constrained_level,436580.0,447651.58104675345
2021-10-01,2021-06-01,4,damped_ridge_change,436580.0,442191.64328006597
2021-10-01,2021-06-01,4,ensemble_change,436580.0,435084.99234228174
2021-10-01,2021-06-01,4,forecast_flow_identity,436580.0,464873.8122165748
2021-10-01,2021-06-01,4,huber_change,436580.0,435472.3408042162
2021-10-01,2021-06-01,4,neural_network_change,436580.0,431654.8132758284
2021-10-01,2021-06-01,4,persistence,436580.0,448108.0
2021-10-01,2021-06-01,4,polynomial_ridge_change,436580.0,437621.8879522818
2021-10-01,2021-06-01,4,random_forest_change,436580.0,432015.7306921969
2021-10-01,2021-06-01,4,ridge_change,436580.0,448169.5809670101
2021-10-01,2021-06-01,4,rolling_ridge_change,436580.0,433087.49822005804
2021-10-01,2021-06-01,4,seasonal_change,436580.0,440807.99999999994
2021-10-01,2021-06-01,4,seasonal_naive,436580.0,493922.0
2021-10-01,2021-06-01,4,seasonal_residual_change,436580.0,438456.3662997319
2021-10-01,2021-06-01,4,seasonal_ridge_change,436580.0,437621.8879522818
2021-10-01,2021-06-01,4,spline_ridge_change,436580.0,442716.43233599205
2021-10-01,2021-06-01,4,xgboost_change,436580.0,422982.189453125
2021-11-01,2021-06-01,5,constrained_level,433387.0,455629.7730215363
2021-11-01,2021-06-01,5,damped_ridge_change,433387.0,443687.4816396376
2021-11-01,2021-06-01,5,ensemble_change,433387.0,433537.91771376936
2021-11-01,2021-06-01,5,forecast_flow_identity,433387.0,469036.28751362127
2021-11-01,2021-06-01,5,huber_change,433387.0,441157.90437026037
2021-11-01,2021-06-01,5,neural_network_change,433387.0,433846.6563929656
2021-11-01,2021-06-01,5,persistence,433387.0,448108.0
2021-11-01,2021-06-01,5,polynomial_ridge_change,433387.0,439994.3096190293
2021-11-01,2021-06-01,5,random_forest_change,433387.0,431886.4022118116
2021-11-01,2021-06-01,5,ridge_change,433387.0,449464.76931444404
2021-11-01,2021-06-01,5,rolling_ridge_change,433387.0,433549.7557761743
2021-11-01,2021-06-01,5,seasonal_change,433387.0,443153.19999999995
2021-11-01,2021-06-01,5,seasonal_naive,433387.0,500752.0
2021-11-01,2021-06-01,5,seasonal_residual_change,433387.0,441451.99177223374
2021-11-01,2021-06-01,5,seasonal_ridge_change,433387.0,439994.3096190293
2021-11-01,2021-06-01,5,spline_ridge_change,433387.0,442548.2343607899
2021-11-01,2021-06-01,5,xgboost_change,433387.0,419919.23583984375
2021-12-01,2021-06-01,6,constrained_level,421184.0,458737.7248734498
2021-12-01,2021-06-01,6,damped_ridge_change,421184.0,446010.00840789627
2021-12-01,2021-06-01,6,ensemble_change,421184.0,431342.26299501373
2021-12-01,2021-06-01,6,forecast_flow_identity,421184.0,462149.84110028436
2021-12-01,2021-06-01,6,huber_change,421184.0,448928.22194806434
2021-12-01,2021-06-01,6,neural_network_change,421184.0,437043.3587381974
2021-12-01,2021-06-01,6,persistence,421184.0,448108.0
2021-12-01,2021-06-01,6,polynomial_ridge_change,421184.0,443830.81465407123
2021-12-01,2021-06-01,6,random_forest_change,421184.0,422739.7236190402
2021-12-01,2021-06-01,6,ridge_change,421184.0,450369.76747958944
2021-12-01,2021-06-01,6,rolling_ridge_change,421184.0,434813.0903212246
2021-12-01,2021-06-01,6,seasonal_change,421184.0,430295.8
2021-12-01,2021-06-01,6,seasonal_naive,421184.0,485471.0
2021-12-01,2021-06-01,6,seasonal_residual_change,421184.0,431156.55381879624
2021-12-01,2021-06-01,6,seasonal_ridge_change,421184.0,443830.81465407123
2021-12-01,2021-06-01,6,spline_ridge_change,421184.0,442548.6721378122
2021-12-01,2021-06-01,6,xgboost_change,421184.0,415090.86181640625
2022-01-01,2021-06-01,7,constrained_level,413714.0,458467.7066645082
2022-01-01,2021-06-01,7,damped_ridge_change,413714.0,449222.5520669462
2022-01-01,2021-06-01,7,ensemble_change,413714.0,437426.74995439086
2022-01-01,2021-06-01,7,forecast_flow_identity,413714.0,485471.16639458877
2022-01-01,2021-06-01,7,huber_change,413714.0,457902.25054060447
2022-01-01,2021-06-01,7,neural_network_change,413714.0,444004.75667638856
2022-01-01,2021-06-01,7,persistence,413714.0,448108.0
2022-01-01,2021-06-01,7,polynomial_ridge_change,413714.0,448973.95432353
2022-01-01,2021-06-01,7,random_forest_change,413714.0,429412.7789227445
2022-01-01,2021-06-01,7,ridge_change,413714.0,451396.71453675826
2022-01-01,2021-06-01,7,rolling_ridge_change,413714.0,436587.34048234846
2022-01-01,2021-06-01,7,seasonal_change,413714.0,441853.6
2022-01-01,2021-06-01,7,seasonal_naive,413714.0,476269.0
2022-01-01,2021-06-01,7,seasonal_residual_change,413714.0,442732.7848274566
2022-01-01,2021-06-01,7,seasonal_ridge_change,413714.0,448973.95432353
2022-01-01,2021-06-01,7,spline_ridge_change,413714.0,444632.49939596595
2022-01-01,2021-06-01,7,xgboost_change,413714.0,426022.4189453125
2022-02-01,2021-06-01,8,constrained_level,408526.0,463513.00871273497
2022-02-01,2021-06-01,8,damped_ridge_change,408526.0,452063.0200147666
2022-02-01,2021-06-01,8,ensemble_change,408526.0,443840.62058782333
2022-02-01,2021-06-01,8,forecast_flow_identity,408526.0,505340.7573500829
2022-02-01,2021-06-01,8,huber_change,408526.0,466363.9090474853
2022-02-01,2021-06-01,8,neural_network_change,408526.0,451315.86443665065
2022-02-01,2021-06-01,8,persistence,408526.0,448108.0
2022-02-01,2021-06-01,8,polynomial_ridge_change,408526.0,454103.3964029211
2022-02-01,2021-06-01,8,random_forest_change,408526.0,435147.8448232317
2022-02-01,2021-06-01,8,ridge_change,408526.0,452302.2685315779
2022-02-01,2021-06-01,8,rolling_ridge_change,408526.0,437890.1994546022
2022-02-01,2021-06-01,8,seasonal_change,408526.0,453271.2
2022-02-01,2021-06-01,8,seasonal_naive,408526.0,493876.0
2022-02-01,2021-06-01,8,seasonal_residual_change,408526.0,453323.6404150238
2022-02-01,2021-06-01,8,seasonal_ridge_change,408526.0,454103.3964029211
2022-02-01,2021-06-01,8,spline_ridge_change,408526.0,447295.98488034186
2022-02-01,2021-06-01,8,xgboost_change,408526.0,437418.82568359375
2022-03-01,2021-06-01,9,constrained_level,414207.0,469927.5800314947
2022-03-01,2021-06-01,9,damped_ridge_change,414207.0,454395.06474244274
2022-03-01,2021-06-01,9,ensemble_change,414207.0,449782.01928378583
2022-03-01,2021-06-01,9,forecast_flow_identity,414207.0,521553.21549259435
2022-03-01,2021-06-01,9,huber_change,414207.0,473435.18301437766
2022-03-01,2021-06-01,9,neural_network_change,414207.0,456698.92673247197
2022-03-01,2021-06-01,9,persistence,414207.0,448108.0
2022-03-01,2021-06-01,9,polynomial_ridge_change,414207.0,458155.3654508642
2022-03-01,2021-06-01,9,random_forest_change,414207.0,439966.23553806107
2022-03-01,2021-06-01,9,ridge_change,414207.0,453556.51094482787
2022-03-01,2021-06-01,9,rolling_ridge_change,414207.0,438395.5821260862
2022-03-01,2021-06-01,9,seasonal_change,414207.0,461811.2
2022-03-01,2021-06-01,9,seasonal_naive,414207.0,502464.0
2022-03-01,2021-06-01,9,seasonal_residual_change,414207.0,459182.1102607772
2022-03-01,2021-06-01,9,seasonal_ridge_change,414207.0,458155.3654508642
2022-03-01,2021-06-01,9,spline_ridge_change,414207.0,450207.89767544443
2022-03-01,2021-06-01,9,xgboost_change,414207.0,444689.84619140625
2022-04-01,2021-06-01,10,constrained_level,417382.0,473781.17376229004
2022-04-01,2021-06-01,10,damped_ridge_change,417382.0,455535.00051671854
2022-04-01,2021-06-01,10,ensemble_change,417382.0,450846.90727096435
2022-04-01,2021-06-01,10,forecast_flow_identity,417382.0,526694.1721382817
2022-04-01,2021-06-01,10,huber_change,417382.0,475640.57692749996
2022-04-01,2021-06-01,10,neural_network_change,417382.0,456998.65473477426
2022-04-01,2021-06-01,10,persistence,417382.0,448108.0
2022-04-01,2021-06-01,10,polynomial_ridge_change,417382.0,459911.56690755417
2022-04-01,2021-06-01,10,random_forest_change,417382.0,439733.52799961605
2022-04-01,2021-06-01,10,ridge_change,417382.0,454786.9834932493
2022-04-01,2021-06-01,10,rolling_ridge_change,417382.0,438120.7492925325
2022-04-01,2021-06-01,10,seasonal_change,417382.0,464999.7
2022-04-01,2021-06-01,10,seasonal_naive,417382.0,489158.0
2022-04-01,2021-06-01,10,seasonal_residual_change,417382.0,461132.986696038
2022-04-01,2021-06-01,10,seasonal_ridge_change,417382.0,459911.56690755417
2022-04-01,2021-06-01,10,spline_ridge_change,417382.0,451771.1700432876
2022-04-01,2021-06-01,10,xgboost_change,417382.0,444831.8916015625
2022-05-01,2021-06-01,11,constrained_level,415065.0,474701.05574656604
2022-05-01,2021-06-01,11,damped_ridge_change,415065.0,455111.8272046524
2022-05-01,2021-06-01,11,ensemble_change,415065.0,448990.02704541676
2022-05-01,2021-06-01,11,forecast_flow_identity,415065.0,528815.5212139034
2022-05-01,2021-06-01,11,huber_change,415065.0,473029.95372986887
2022-05-01,2021-06-01,11,neural_network_change,415065.0,451679.98763685755
2022-05-01,2021-06-01,11,persistence,415065.0,448108.0
2022-05-01,2021-06-01,11,polynomial_ridge_change,415065.0,459069.1651642317
2022-05-01,2021-06-01,11,random_forest_change,415065.0,435121.1353077789
2022-05-01,2021-06-01,11,ridge_change,415065.0,455718.09056565014
2022-05-01,2021-06-01,11,rolling_ridge_change,415065.0,436179.5785903669
2022-05-01,2021-06-01,11,seasonal_change,415065.0,463364.5
2022-05-01,2021-06-01,11,seasonal_naive,415065.0,476980.0
2022-05-01,2021-06-01,11,seasonal_residual_change,415065.0,459082.0313281141
2022-05-01,2021-06-01,11,seasonal_ridge_change,415065.0,459069.1651642317
2022-05-01,2021-06-01,11,spline_ridge_change,415065.0,450596.29889324005
2022-05-01,2021-06-01,11,xgboost_change,415065.0,440291.451171875
2022-06-01,2021-06-01,12,constrained_level,417799.0,474905.1310210531
2022-06-01,2021-06-01,12,damped_ridge_change,417799.0,453587.2030063437
2022-06-01,2021-06-01,12,ensemble_change,417799.0,442357.725659794
2022-06-01,2021-06-01,12,forecast_flow_identity,417799.0,514642.2244829177
2022-06-01,2021-06-01,12,huber_change,417799.0,466676.2370533937
2022-06-01,2021-06-01,12,neural_network_change,417799.0,443731.46788655367
2022-06-01,2021-06-01,12,persistence,417799.0,448108.0
2022-06-01,2021-06-01,12,polynomial_ridge_change,417799.0,456207.0577619851
2022-06-01,2021-06-01,12,random_forest_change,417799.0,426499.4148857719
2022-06-01,2021-06-01,12,ridge_change,417799.0,456511.2453524977
2022-06-01,2021-06-01,12,rolling_ridge_change,417799.0,433024.6991738374
2022-06-01,2021-06-01,12,seasonal_change,417799.0,444994.30000000005
2022-06-01,2021-06-01,12,seasonal_naive,417799.0,448108.0
2022-06-01,2021-06-01,12,seasonal_residual_change,417799.0,443718.7031487457
2022-06-01,2021-06-01,12,seasonal_ridge_change,417799.0,456207.0577619851
2022-06-01,2021-06-01,12,spline_ridge_change,417799.0,447572.8911101228
2022-06-01,2021-06-01,12,xgboost_change,417799.0,432231.80859375
2022-07-01,2022-06-01,1,constrained_level,424075.0,420521.3097011584
2022-07-01,2022-06-01,1,damped_ridge_change,424075.0,416049.7969726852
2022-07-01,2022-06-01,1,ensemble_change,424075.0,412955.4015209682
2022-07-01,2022-06-01,1,forecast_flow_identity,424075.0,402283.87757751107
2022-07-01,2022-06-01,1,huber_change,424075.0,412533.4944113916
2022-07-01,2022-06-01,1,neural_network_change,424075.0,416671.3439556346
2022-07-01,2022-06-01,1,persistence,424075.0,417799.0
2022-07-01,2022-06-01,1,polynomial_ridge_change,424075.0,415506.533843356
2022-07-01,2022-06-01,1,random_forest_change,424075.0,411991.6892482291
2022-07-01,2022-06-01,1,ridge_change,424075.0,419213.7012969224
2022-07-01,2022-06-01,1,rolling_ridge_change,424075.0,416012.3263487181
2022-07-01,2022-06-01,1,seasonal_change,424075.0,405343.6
2022-07-01,2022-06-01,1,seasonal_naive,424075.0,438745.0
2022-07-01,2022-06-01,1,seasonal_residual_change,424075.0,410557.2654766539
2022-07-01,2022-06-01,1,seasonal_ridge_change,424075.0,415506.533843356
2022-07-01,2022-06-01,1,spline_ridge_change,424075.0,414817.5270545341
2022-07-01,2022-06-01,1,xgboost_change,424075.0,409457.90625
2022-08-01,2022-06-01,2,constrained_level,419785.0,421565.51411664614
2022-08-01,2022-06-01,2,damped_ridge_change,419785.0,414032.25692643574
2022-08-01,2022-06-01,2,ensemble_change,419785.0,410434.96112493076
2022-08-01,2022-06-01,2,forecast_flow_identity,419785.0,387083.13099867833
2022-08-01,2022-06-01,2,huber_change,419785.0,408081.94724304485
2022-08-01,2022-06-01,2,neural_network_change,419785.0,414529.5586056979
2022-08-01,2022-06-01,2,persistence,419785.0,417799.0
2022-08-01,2022-06-01,2,polynomial_ridge_change,419785.0,413531.5569537129
2022-08-01,2022-06-01,2,random_forest_change,419785.0,410505.9815773587
2022-08-01,2022-06-01,2,ridge_change,419785.0,421396.7737021174
2022-08-01,2022-06-01,2,rolling_ridge_change,419785.0,414150.7637851875
2022-08-01,2022-06-01,2,seasonal_change,419785.0,393151.6
2022-08-01,2022-06-01,2,seasonal_naive,419785.0,421525.0
2022-08-01,2022-06-01,2,seasonal_residual_change,419785.0,401872.3931094118
2022-08-01,2022-06-01,2,seasonal_ridge_change,419785.0,413531.5569537129
2022-08-01,2022-06-01,2,spline_ridge_change,419785.0,414733.5642568274
2022-08-01,2022-06-01,2,xgboost_change,419785.0,406675.2763671875
2022-09-01,2022-06-01,3,constrained_level,429000.0,423217.9672841327
2022-09-01,2022-06-01,3,damped_ridge_change,429000.0,412558.5993503916
2022-09-01,2022-06-01,3,ensemble_change,429000.0,409486.6930211469
2022-09-01,2022-06-01,3,forecast_flow_identity,429000.0,381352.0915583306
2022-09-01,2022-06-01,3,huber_change,429000.0,405365.0376696858
2022-09-01,2022-06-01,3,neural_network_change,429000.0,415095.8529369139
2022-09-01,2022-06-01,3,persistence,429000.0,417799.0
2022-09-01,2022-06-01,3,polynomial_ridge_change,429000.0,412427.8270035095
2022-09-01,2022-06-01,3,random_forest_change,429000.0,411728.98803345626
2022-09-01,2022-06-01,3,ridge_change,429000.0,423272.3628042056
2022-09-01,2022-06-01,3,rolling_ridge_change,429000.0,413080.57845216827
2022-09-01,2022-06-01,3,seasonal_change,429000.0,392728.19999999995
2022-09-01,2022-06-01,3,seasonal_naive,429000.0,420343.0
2022-09-01,2022-06-01,3,seasonal_residual_change,429000.0,403547.8225350093
2022-09-01,2022-06-01,3,seasonal_ridge_change,429000.0,412427.8270035095
2022-09-01,2022-06-01,3,spline_ridge_change,429000.0,416209.24105534435
2022-09-01,2022-06-01,3,xgboost_change,429000.0,409551.04296875
2022-10-01,2022-06-01,4,constrained_level,439678.0,427511.39829930593
2022-10-01,2022-06-01,4,damped_ridge_change,439678.0,412513.1612808039
2022-10-01,2022-06-01,4,ensemble_change,439678.0,410256.3788468167
2022-10-01,2022-06-01,4,forecast_flow_identity,439678.0,385249.2229946261
2022-10-01,2022-06-01,4,huber_change,439678.0,406462.1502236256
2022-10-01,2022-06-01,4,neural_network_change,439678.0,417846.42201908317
2022-10-01,2022-06-01,4,persistence,439678.0,417799.0
2022-10-01,2022-06-01,4,polynomial_ridge_change,439678.0,413639.49439345446
2022-10-01,2022-06-01,4,random_forest_change,439678.0,412879.58508062444
2022-10-01,2022-06-01,4,ridge_change,439678.0,425756.32018311083
2022-10-01,2022-06-01,4,rolling_ridge_change,439678.0,413746.01823745866
2022-10-01,2022-06-01,4,seasonal_change,439678.0,404912.8
2022-10-01,2022-06-01,4,seasonal_naive,439678.0,436580.0
2022-10-01,2022-06-01,4,seasonal_residual_change,439678.0,415949.00675297534
2022-10-01,2022-06-01,4,seasonal_ridge_change,439678.0,413639.4943934544
2022-10-01,2022-06-01,4,spline_ridge_change,439678.0,418168.0291401596
2022-10-01,2022-06-01,4,xgboost_change,439678.0,406882.583984375
2022-11-01,2022-06-01,5,constrained_level,416621.0,433630.56516685995
2022-11-01,2022-06-01,5,damped_ridge_change,416621.0,414105.8771451377
2022-11-01,2022-06-01,5,ensemble_change,416621.0,410388.1982829652
2022-11-01,2022-06-01,5,forecast_flow_identity,416621.0,376908.1670047152
2022-11-01,2022-06-01,5,huber_change,416621.0,411000.5641806021
2022-11-01,2022-06-01,5,neural_network_change,416621.0,421621.8233687822
2022-11-01,2022-06-01,5,persistence,416621.0,417799.0
2022-11-01,2022-06-01,5,polynomial_ridge_change,416621.0,417299.5725869001
2022-11-01,2022-06-01,5,random_forest_change,416621.0,415141.926765113
2022-11-01,2022-06-01,5,ridge_change,416621.0,428604.8500576329
2022-11-01,2022-06-01,5,rolling_ridge_change,416621.0,416323.9053598389
2022-11-01,2022-06-01,5,seasonal_change,416621.0,406463.2
2022-11-01,2022-06-01,5,seasonal_naive,416621.0,433387.0
2022-11-01,2022-06-01,5,seasonal_residual_change,416621.0,420166.84871314984
2022-11-01,2022-06-01,5,seasonal_ridge_change,416621.0,417299.5725869001
2022-11-01,2022-06-01,5,spline_ridge_change,416621.0,419995.1198485942
2022-11-01,2022-06-01,5,xgboost_change,416621.0,410020.5029296875
2022-12-01,2022-06-01,6,constrained_level,430102.0,435973.684730417
2022-12-01,2022-06-01,6,damped_ridge_change,430102.0,416843.0412692825
2022-12-01,2022-06-01,6,ensemble_change,430102.0,411291.45267560246
2022-12-01,2022-06-01,6,forecast_flow_identity,430102.0,356137.15975733957
2022-12-01,2022-06-01,6,huber_change,430102.0,417816.53521668655
2022-12-01,2022-06-01,6,neural_network_change,430102.0,424983.49776773487
2022-12-01,2022-06-01,6,persistence,430102.0,417799.0
2022-12-01,2022-06-01,6,polynomial_ridge_change,430102.0,422361.4409736908
2022-12-01,2022-06-01,6,random_forest_change,430102.0,408811.6835326299
2022-12-01,2022-06-01,6,ridge_change,430102.0,430722.36515616253
2022-12-01,2022-06-01,6,rolling_ridge_change,430102.0,419585.37713319075
2022-12-01,2022-06-01,6,seasonal_change,430102.0,392520.0
2022-12-01,2022-06-01,6,seasonal_naive,430102.0,421184.0
2022-12-01,2022-06-01,6,seasonal_residual_change,430102.0,410838.5629413553
2022-12-01,2022-06-01,6,seasonal_ridge_change,430102.0,422361.44097369077
2022-12-01,2022-06-01,6,spline_ridge_change,430102.0,421118.78069920785
2022-12-01,2022-06-01,6,xgboost_change,430102.0,409136.99609375
2023-01-01,2022-06-01,7,constrained_level,459159.0,435134.2413444256
2023-01-01,2022-06-01,7,damped_ridge_change,459159.0,420668.6764766541
2023-01-01,2022-06-01,7,ensemble_change,459159.0,420032.5077440156
2023-01-01,2022-06-01,7,forecast_flow_identity,459159.0,359227.2222699317
2023-01-01,2022-06-01,7,huber_change,459159.0,425800.31442003715
2023-01-01,2022-06-01,7,neural_network_change,459159.0,432447.77242272795
2023-01-01,2022-06-01,7,persistence,459159.0,417799.0
2023-01-01,2022-06-01,7,polynomial_ridge_change,459159.0,428742.2442437564
2023-01-01,2022-06-01,7,random_forest_change,459159.0,419300.16710821254
2023-01-01,2022-06-01,7,ridge_change,459159.0,432944.82196339144
2023-01-01,2022-06-01,7,rolling_ridge_change,459159.0,423366.64096131746
2023-01-01,2022-06-01,7,seasonal_change,459159.0,398074.39999999997
2023-01-01,2022-06-01,7,seasonal_naive,459159.0,413714.0
2023-01-01,2022-06-01,7,seasonal_residual_change,459159.0,418923.844670692
2023-01-01,2022-06-01,7,seasonal_ridge_change,459159.0,428742.24424375634
2023-01-01,2022-06-01,7,spline_ridge_change,459159.0,425059.4235546966
2023-01-01,2022-06-01,7,xgboost_change,459159.0,420807.916015625
2023-02-01,2022-06-01,8,constrained_level,472369.0,437549.3636765574
2023-02-01,2022-06-01,8,damped_ridge_change,472369.0,424185.22597038076
2023-02-01,2022-06-01,8,ensemble_change,472369.0,428271.5792595491
2023-02-01,2022-06-01,8,forecast_flow_identity,472369.0,362239.0102662993
2023-02-01,2022-06-01,8,huber_change,472369.0,432687.54135345714
2023-02-01,2022-06-01,8,neural_network_change,472369.0,441150.0322665216
2023-02-01,2022-06-01,8,persistence,472369.0,417799.0
2023-02-01,2022-06-01,8,polynomial_ridge_change,472369.0,434807.2535833633
2023-02-01,2022-06-01,8,random_forest_change,472369.0,427866.12455606303
2023-02-01,2022-06-01,8,ridge_change,472369.0,435134.79340975155
2023-02-01,2022-06-01,8,rolling_ridge_change,472369.0,426836.7678810921
2023-02-01,2022-06-01,8,seasonal_change,472369.0,404377.19999999995
2023-02-01,2022-06-01,8,seasonal_naive,472369.0,408526.0
2023-02-01,2022-06-01,8,seasonal_residual_change,472369.0,426950.1179560621
2023-02-01,2022-06-01,8,seasonal_ridge_change,472369.0,434807.25358336326
2023-02-01,2022-06-01,8,spline_ridge_change,472369.0,431789.9946092295
2023-02-01,2022-06-01,8,xgboost_change,472369.0,430973.5263671875
2023-03-01,2022-06-01,9,constrained_level,465219.0,441800.54388553696
2023-03-01,2022-06-01,9,damped_ridge_change,465219.0,426884.6666620831
2023-03-01,2022-06-01,9,ensemble_change,465219.0,435795.1705706245
2023-03-01,2022-06-01,9,forecast_flow_identity,465219.0,360676.7903529214
2023-03-01,2022-06-01,9,huber_change,465219.0,437240.9312639354
2023-03-01,2022-06-01,9,neural_network_change,465219.0,450007.4188141843
2023-03-01,2022-06-01,9,persistence,465219.0,417799.0
2023-03-01,2022-06-01,9,polynomial_ridge_change,465219.0,439612.5996543935
2023-03-01,2022-06-01,9,random_forest_change,465219.0,435275.10188463
2023-03-01,2022-06-01,9,ridge_change,465219.0,437419.39629511983
2023-03-01,2022-06-01,9,rolling_ridge_change,465219.0,429665.6097145358
2023-03-01,2022-06-01,9,seasonal_change,465219.0,411172.94999999995
2023-03-01,2022-06-01,9,seasonal_naive,465219.0,414207.0
2023-03-01,2022-06-01,9,seasonal_residual_change,465219.0,432359.07245200773
2023-03-01,2022-06-01,9,seasonal_ridge_change,465219.0,439612.5996543935
2023-03-01,2022-06-01,9,spline_ridge_change,465219.0,439613.5396411394
2023-03-01,2022-06-01,9,xgboost_change,465219.0,441037.6787109375
2023-04-01,2022-06-01,10,constrained_level,459627.0,444806.5155401685
2023-04-01,2022-06-01,10,damped_ridge_change,459627.0,428033.73424140224
2023-04-01,2022-06-01,10,ensemble_change,459627.0,438462.296598649
2023-04-01,2022-06-01,10,forecast_flow_identity,459627.0,351740.19752304594
2023-04-01,2022-06-01,10,huber_change,459627.0,438266.8054575731
2023-04-01,2022-06-01,10,neural_network_change,459627.0,453150.1872488421
2023-04-01,2022-06-01,10,persistence,459627.0,417799.0
2023-04-01,2022-06-01,10,polynomial_ridge_change,459627.0,442175.0170162505
2023-04-01,2022-06-01,10,random_forest_change,459627.0,437608.37295552116
2023-04-01,2022-06-01,10,ridge_change,459627.0,439307.17284362804
2023-04-01,2022-06-01,10,rolling_ridge_change,459627.0,431142.858440919
2023-04-01,2022-06-01,10,seasonal_change,459627.0,414027.19999999995
2023-04-01,2022-06-01,10,seasonal_naive,459627.0,417382.0
2023-04-01,2022-06-01,10,seasonal_residual_change,459627.0,435786.05986414535
2023-04-01,2022-06-01,10,seasonal_ridge_change,459627.0,442175.0170162505
2023-04-01,2022-06-01,10,spline_ridge_change,459627.0,445502.5729493616
2023-04-01,2022-06-01,10,xgboost_change,459627.0,445767.443359375
2023-05-01,2022-06-01,11,constrained_level,460643.0,445923.5881718367
2023-05-01,2022-06-01,11,damped_ridge_change,460643.0,427488.6050190828
2023-05-01,2022-06-01,11,ensemble_change,460643.0,437954.61111755023
2023-05-01,2022-06-01,11,forecast_flow_identity,460643.0,337968.4347254235
2023-05-01,2022-06-01,11,huber_change,460643.0,435662.02682423074
2023-05-01,2022-06-01,11,neural_network_change,460643.0,449448.18443024775
2023-05-01,2022-06-01,11,persistence,460643.0,417799.0
2023-05-01,2022-06-01,11,polynomial_ridge_change,460643.0,442031.3815340373
2023-05-01,2022-06-01,11,random_forest_change,460643.0,434387.53667562763
2023-05-01,2022-06-01,11,ridge_change,460643.0,440593.3813159579
2023-05-01,2022-06-01,11,rolling_ridge_change,460643.0,430427.5693718487
2023-05-01,2022-06-01,11,seasonal_change,460643.0,411421.0
2023-05-01,2022-06-01,11,seasonal_naive,460643.0,415065.0
2023-05-01,2022-06-01,11,seasonal_residual_change,460643.0,433659.08236519614
2023-05-01,2022-06-01,11,seasonal_ridge_change,460643.0,442031.3815340372
2023-05-01,2022-06-01,11,spline_ridge_change,460643.0,446319.7678769963
2023-05-01,2022-06-01,11,xgboost_change,460643.0,445318.5546875
2023-06-01,2022-06-01,12,constrained_level,454715.0,445195.2465551233
2023-06-01,2022-06-01,12,damped_ridge_change,454715.0,425710.54324296385
2023-06-01,2022-06-01,12,ensemble_change,454715.0,432630.1496271164
2023-06-01,2022-06-01,12,forecast_flow_identity,454715.0,311589.0900391003
2023-06-01,2022-06-01,12,huber_change,454715.0,430859.95189822
2023-06-01,2022-06-01,12,neural_network_change,454715.0,443393.86613510305
2023-06-01,2022-06-01,12,persistence,454715.0,417799.0
2023-06-01,2022-06-01,12,polynomial_ridge_change,454715.0,440026.204820161
2023-06-01,2022-06-01,12,random_forest_change,454715.0,427231.9879471048
2023-06-01,2022-06-01,12,ridge_change,454715.0,441792.6290358236
2023-06-01,2022-06-01,12,rolling_ridge_change,454715.0,428347.70862281404
2023-06-01,2022-06-01,12,seasonal_change,454715.0,395798.39999999997
2023-06-01,2022-06-01,12,seasonal_naive,454715.0,417799.0
2023-06-01,2022-06-01,12,seasonal_residual_change,454715.0,422115.4511728969
2023-06-01,2022-06-01,12,seasonal_ridge_change,454715.0,440026.204820161
2023-06-01,2022-06-01,12,spline_ridge_change,454715.0,444680.1295924601
2023-06-01,2022-06-01,12,xgboost_change,454715.0,438222.28125
2023-07-01,2023-06-01,1,constrained_level,439947.0,454481.99719455355
2023-07-01,2023-06-01,1,damped_ridge_change,439947.0,452241.979944831
2023-07-01,2023-06-01,1,ensemble_change,439947.0,450075.33677075006
2023-07-01,2023-06-01,1,forecast_flow_identity,439947.0,424709.5574180257
2023-07-01,2023-06-01,1,huber_change,439947.0,449810.6863432552
2023-07-01,2023-06-01,1,neural_network_change,439947.0,450398.64267492713
2023-07-01,2023-06-01,1,persistence,439947.0,454715.0
2023-07-01,2023-06-01,1,polynomial_ridge_change,439947.0,453509.5902640904
2023-07-01,2023-06-01,1,random_forest_change,439947.0,448786.6946021223
2023-07-01,2023-06-01,1,ridge_change,439947.0,455185.9264778034
2023-07-01,2023-06-01,1,rolling_ridge_change,439947.0,452841.32921168045
2023-07-01,2023-06-01,1,seasonal_change,439947.0,444994.6
2023-07-01,2023-06-01,1,seasonal_naive,439947.0,424075.0
2023-07-01,2023-06-01,1,seasonal_residual_change,439947.0,448309.9893526335
2023-07-01,2023-06-01,1,seasonal_ridge_change,439947.0,451304.6766010577
2023-07-01,2023-06-01,1,spline_ridge_change,439947.0,451900.43802929803
2023-07-01,2023-06-01,1,xgboost_change,439947.0,450173.73486328125
2023-08-01,2023-06-01,2,constrained_level,417301.0,452291.60162775137
2023-08-01,2023-06-01,2,damped_ridge_change,417301.0,449638.6297302639
2023-08-01,2023-06-01,2,ensemble_change,417301.0,447940.53330789495
2023-08-01,2023-06-01,2,forecast_flow_identity,417301.0,394912.1020022909
2023-08-01,2023-06-01,2,huber_change,417301.0,444966.1071920706
2023-08-01,2023-06-01,2,neural_network_change,417301.0,447268.42856672226
2023-08-01,2023-06-01,2,persistence,417301.0,454715.0
2023-08-01,2023-06-01,2,polynomial_ridge_change,417301.0,453517.625932218
2023-08-01,2023-06-01,2,random_forest_change,417301.0,445353.8425190789
2023-08-01,2023-06-01,2,ridge_change,417301.0,456239.0626468813
2023-08-01,2023-06-01,2,rolling_ridge_change,417301.0,451119.606802892
2023-08-01,2023-06-01,2,seasonal_change,417301.0,433301.19999999995
2023-08-01,2023-06-01,2,seasonal_naive,417301.0,419785.0
2023-08-01,2023-06-01,2,seasonal_residual_change,417301.0,439534.10661803593
2023-08-01,2023-06-01,2,seasonal_ridge_change,417301.0,448445.21869405726
2023-08-01,2023-06-01,2,spline_ridge_change,417301.0,452099.8622878393
2023-08-01,2023-06-01,2,xgboost_change,417301.0,451342.39453125
2023-09-01,2023-06-01,3,constrained_level,417865.0,451418.33493756136
2023-09-01,2023-06-01,3,damped_ridge_change,417865.0,448030.01483254915
2023-09-01,2023-06-01,3,ensemble_change,417865.0,447131.65408031835
2023-09-01,2023-06-01,3,forecast_flow_identity,417865.0,381825.71128183155
2023-09-01,2023-06-01,3,huber_change,417865.0,443228.59387415124
2023-09-01,2023-06-01,3,neural_network_change,417865.0,446346.76879899483
2023-09-01,2023-06-01,3,persistence,417865.0,454715.0
2023-09-01,2023-06-01,3,polynomial_ridge_change,417865.0,454639.24769804685
2023-09-01,2023-06-01,3,random_forest_change,417865.0,444490.7708150521
2023-09-01,2023-06-01,3,ridge_change,417865.0,457024.4937813143
2023-09-01,2023-06-01,3,rolling_ridge_change,417865.0,450253.80199644703
2023-09-01,2023-06-01,3,seasonal_change,417865.0,437748.4
2023-09-01,2023-06-01,3,seasonal_naive,417865.0,429000.0
2023-09-01,2023-06-01,3,seasonal_residual_change,417865.0,443652.42301255715
2023-09-01,2023-06-01,3,seasonal_ridge_change,417865.0,446650.5198744269
2023-09-01,2023-06-01,3,spline_ridge_change,417865.0,453736.8588525887
2023-09-01,2023-06-01,3,xgboost_change,417865.0,449386.900390625
2023-10-01,2023-06-01,4,constrained_level,425993.0,453448.45921513654
2023-10-01,2023-06-01,4,damped_ridge_change,425993.0,447287.2339446002
2023-10-01,2023-06-01,4,ensemble_change,425993.0,447679.0813154124
2023-10-01,2023-06-01,4,forecast_flow_identity,425993.0,372489.5044674026
2023-10-01,2023-06-01,4,huber_change,425993.0,444977.400657243
2023-10-01,2023-06-01,4,neural_network_change,425993.0,447118.6979261283
2023-10-01,2023-06-01,4,persistence,425993.0,454715.0
2023-10-01,2023-06-01,4,polynomial_ridge_change,425993.0,456077.5090344895
2023-10-01,2023-06-01,4,random_forest_change,425993.0,445545.57137925294
2023-10-01,2023-06-01,4,ridge_change,425993.0,458050.03259703825
2023-10-01,2023-06-01,4,rolling_ridge_change,425993.0,450546.5131304544
2023-10-01,2023-06-01,4,seasonal_change,425993.0,448135.39999999997
2023-10-01,2023-06-01,4,seasonal_naive,425993.0,439678.0
2023-10-01,2023-06-01,4,seasonal_residual_change,425993.0,452469.5720745018
2023-10-01,2023-06-01,4,seasonal_ridge_change,425993.0,446852.57399715664
2023-10-01,2023-06-01,4,spline_ridge_change,425993.0,455461.73625202547
2023-10-01,2023-06-01,4,xgboost_change,425993.0,451531.853515625
2023-11-01,2023-06-01,5,constrained_level,441838.0,456941.0974401962
2023-11-01,2023-06-01,5,damped_ridge_change,441838.0,448411.43518041354
2023-11-01,2023-06-01,5,ensemble_change,441838.0,448383.86941598816
2023-11-01,2023-06-01,5,forecast_flow_identity,441838.0,350378.2289367565
2023-11-01,2023-06-01,5,huber_change,441838.0,449870.44466504233
2023-11-01,2023-06-01,5,neural_network_change,441838.0,449679.342750131
2023-11-01,2023-06-01,5,persistence,441838.0,454715.0
2023-11-01,2023-06-01,5,polynomial_ridge_change,441838.0,458469.57410516427
2023-11-01,2023-06-01,5,random_forest_change,441838.0,446797.71031783824
2023-11-01,2023-06-01,5,ridge_change,441838.0,459483.6526882077
2023-11-01,2023-06-01,5,rolling_ridge_change,441838.0,452884.8955719199
2023-11-01,2023-06-01,5,seasonal_change,441838.0,445168.19999999995
2023-11-01,2023-06-01,5,seasonal_naive,441838.0,416621.0
2023-11-01,2023-06-01,5,seasonal_residual_change,441838.0,453013.0687740487
2023-11-01,2023-06-01,5,seasonal_ridge_change,441838.0,449794.96191050333
2023-11-01,2023-06-01,5,spline_ridge_change,441838.0,456836.2472048258
2023-11-01,2023-06-01,5,xgboost_change,441838.0,455451.40966796875
2023-12-01,2023-06-01,6,constrained_level,426491.0,456003.9564828227
2023-12-01,2023-06-01,6,damped_ridge_change,426491.0,451081.27842213714
2023-12-01,2023-06-01,6,ensemble_change,426491.0,448889.3364541143
2023-12-01,2023-06-01,6,forecast_flow_identity,426491.0,323285.07554334216
2023-12-01,2023-06-01,6,huber_change,426491.0,458062.436678016
2023-12-01,2023-06-01,6,neural_network_change,426491.0,454736.57941278216
2023-12-01,2023-06-01,6,persistence,426491.0,454715.0
2023-12-01,2023-06-01,6,polynomial_ridge_change,426491.0,461271.1143822792
2023-12-01,2023-06-01,6,random_forest_change,426491.0,442685.7864035661
2023-12-01,2023-06-01,6,ridge_change,426491.0,460672.8836640235
2023-12-01,2023-06-01,6,rolling_ridge_change,426491.0,455628.529278056
2023-12-01,2023-06-01,6,seasonal_change,426491.0,435143.6
2023-12-01,2023-06-01,6,seasonal_naive,426491.0,430102.0
2023-12-01,2023-06-01,6,seasonal_residual_change,426491.0,446966.17954334477
2023-12-01,2023-06-01,6,seasonal_ridge_change,426491.0,454569.8141732073
2023-12-01,2023-06-01,6,spline_ridge_change,426491.0,457173.06729638623
2023-12-01,2023-06-01,6,xgboost_change,426491.0,452442.5712890625
2024-01-01,2023-06-01,7,constrained_level,428155.0,454550.7606391314
2024-01-01,2023-06-01,7,damped_ridge_change,428155.0,454557.0649876657
2024-01-01,2023-06-01,7,ensemble_change,428155.0,455829.78899056383
2024-01-01,2023-06-01,7,forecast_flow_identity,428155.0,318551.44962552213
2024-01-01,2023-06-01,7,huber_change,428155.0,467226.09801801614
2024-01-01,2023-06-01,7,neural_network_change,428155.0,461536.4596254985
2024-01-01,2023-06-01,7,persistence,428155.0,454715.0
2024-01-01,2023-06-01,7,polynomial_ridge_change,428155.0,464418.4754606979
2024-01-01,2023-06-01,7,random_forest_change,428155.0,449784.1729861471
2024-01-01,2023-06-01,7,ridge_change,428155.0,461747.13675413135
2024-01-01,2023-06-01,7,rolling_ridge_change,428155.0,458168.402622946
2024-01-01,2023-06-01,7,seasonal_change,428155.0,442074.19999999995
2024-01-01,2023-06-01,7,seasonal_naive,428155.0,459159.0
2024-01-01,2023-06-01,7,seasonal_residual_change,428155.0,454894.60538608197
2024-01-01,2023-06-01,7,seasonal_ridge_change,428155.0,460238.7985269999
2024-01-01,2023-06-01,7,spline_ridge_change,428155.0,459222.6570974841
2024-01-01,2023-06-01,7,xgboost_change,428155.0,460257.9765625
2024-02-01,2023-06-01,8,constrained_level,448337.0,457516.2029835505
2024-02-01,2023-06-01,8,damped_ridge_change,448337.0,457812.43805299944
2024-02-01,2023-06-01,8,ensemble_change,448337.0,462077.4453952191
2024-02-01,2023-06-01,8,forecast_flow_identity,448337.0,312886.09660393023
2024-02-01,2023-06-01,8,huber_change,448337.0,475678.88967251545
2024-02-01,2023-06-01,8,neural_network_change,448337.0,469249.9469385421
2024-02-01,2023-06-01,8,persistence,448337.0,454715.0
2024-02-01,2023-06-01,8,polynomial_ridge_change,448337.0,467365.20716797875
2024-02-01,2023-06-01,8,random_forest_change,448337.0,455214.36601352936
2024-02-01,2023-06-01,8,ridge_change,448337.0,462905.14176268806
2024-02-01,2023-06-01,8,rolling_ridge_change,448337.0,460321.89142980846
2024-02-01,2023-06-01,8,seasonal_change,448337.0,447294.8
2024-02-01,2023-06-01,8,seasonal_naive,448337.0,472369.0
2024-02-01,2023-06-01,8,seasonal_residual_change,448337.0,461850.8641009871
2024-02-01,2023-06-01,8,seasonal_ridge_change,448337.0,465587.1112981145
2024-02-01,2023-06-01,8,spline_ridge_change,448337.0,463042.5233389714
2024-02-01,2023-06-01,8,xgboost_change,448337.0,462429.91748046875
2024-03-01,2023-06-01,9,constrained_level,447754.0,459183.35728405975
2024-03-01,2023-06-01,9,damped_ridge_change,447754.0,460317.77500124386
2024-03-01,2023-06-01,9,ensemble_change,447754.0,467431.31722039636
2024-03-01,2023-06-01,9,forecast_flow_identity,447754.0,300381.9833793005
2024-03-01,2023-06-01,9,huber_change,447754.0,481179.75479238183
2024-03-01,2023-06-01,9,neural_network_change,447754.0,474998.2852677908
2024-03-01,2023-06-01,9,persistence,447754.0,454715.0
2024-03-01,2023-06-01,9,polynomial_ridge_change,447754.0,469151.52740698576
2024-03-01,2023-06-01,9,random_forest_change,447754.0,459871.2629716342
2024-03-01,2023-06-01,9,ridge_change,447754.0,464260.3593612469
2024-03-01,2023-06-01,9,rolling_ridge_change,447754.0,461584.64908645605
2024-03-01,2023-06-01,9,seasonal_change,447754.0,449009.05
2024-03-01,2023-06-01,9,seasonal_naive,447754.0,465219.0
2024-03-01,2023-06-01,9,seasonal_residual_change,447754.0,462962.3524334882
2024-03-01,2023-06-01,9,seasonal_ridge_change,447754.0,469771.56179784884
2024-03-01,2023-06-01,9,spline_ridge_change,447754.0,467289.2036663529
2024-03-01,2023-06-01,9,xgboost_change,447754.0,465270.880859375
2024-04-01,2023-06-01,10,constrained_level,464600.0,459629.02786269446
2024-04-01,2023-06-01,10,damped_ridge_change,464600.0,461532.50939987623
2024-04-01,2023-06-01,10,ensemble_change,464600.0,468455.4700442486
2024-04-01,2023-06-01,10,forecast_flow_identity,464600.0,283692.4116481259
2024-04-01,2023-06-01,10,huber_change,464600.0,483027.4463159524
2024-04-01,2023-06-01,10,neural_network_change,464600.0,477052.45152454625
2024-04-01,2023-06-01,10,persistence,464600.0,454715.0
2024-04-01,2023-06-01,10,polynomial_ridge_change,464600.0,469847.73348008114
2024-04-01,2023-06-01,10,random_forest_change,464600.0,459316.64238524094
2024-04-01,2023-06-01,10,ridge_change,464600.0,465845.26489350735
2024-04-01,2023-06-01,10,rolling_ridge_change,464600.0,462274.78600158636
2024-04-01,2023-06-01,10,seasonal_change,464600.0,454042.55
2024-04-01,2023-06-01,10,seasonal_naive,464600.0,459627.0
2024-04-01,2023-06-01,10,seasonal_residual_change,464600.0,467460.70678356464
2024-04-01,2023-06-01,10,seasonal_ridge_change,464600.0,472090.91539663146
2024-04-01,2023-06-01,10,spline_ridge_change,464600.0,469618.0875637011
2024-04-01,2023-06-01,10,xgboost_change,464600.0,462909.31982421875
2024-05-01,2023-06-01,11,constrained_level,455026.0,460512.0872046284
2024-05-01,2023-06-01,11,damped_ridge_change,455026.0,461135.8147749823
2024-05-01,2023-06-01,11,ensemble_change,455026.0,466946.3212763064
2024-05-01,2023-06-01,11,forecast_flow_identity,455026.0,262179.98645091715
2024-05-01,2023-06-01,11,huber_change,455026.0,480496.9571691736
2024-05-01,2023-06-01,11,neural_network_change,455026.0,474499.54745665315
2024-05-01,2023-06-01,11,persistence,455026.0,454715.0
2024-05-01,2023-06-01,11,polynomial_ridge_change,455026.0,467997.24622322543
2024-05-01,2023-06-01,11,random_forest_change,455026.0,455423.5229652883
2024-05-01,2023-06-01,11,ridge_change,455026.0,467153.9904471447
2024-05-01,2023-06-01,11,rolling_ridge_change,455026.0,461774.0769217667
2024-05-01,2023-06-01,11,seasonal_change,455026.0,453135.14999999997
2024-05-01,2023-06-01,11,seasonal_naive,455026.0,460643.0
2024-05-01,2023-06-01,11,seasonal_residual_change,455026.0,465727.51079968124
2024-05-01,2023-06-01,11,seasonal_ridge_change,455026.0,471889.3750712767
2024-05-01,2023-06-01,11,spline_ridge_change,455026.0,468890.2141613198
2024-05-01,2023-06-01,11,xgboost_change,455026.0,459419.16943359375
2024-06-01,2023-06-01,12,constrained_level,440482.0,459614.2011971604
2024-06-01,2023-06-01,12,damped_ridge_change,440482.0,459141.91807597043
2024-06-01,2023-06-01,12,ensemble_change,440482.0,461556.93713362614
2024-06-01,2023-06-01,12,forecast_flow_identity,440482.0,227768.58049232027
2024-06-01,2023-06-01,12,huber_change,440482.0,474548.5201419509
2024-06-01,2023-06-01,12,neural_network_change,440482.0,468948.3365877363
2024-06-01,2023-06-01,12,persistence,440482.0,454715.0
2024-06-01,2023-06-01,12,polynomial_ridge_change,440482.0,465092.2487319361
2024-06-01,2023-06-01,12,random_forest_change,440482.0,449473.90229685337
2024-06-01,2023-06-01,12,ridge_change,440482.0,468163.11793186044
2024-06-01,2023-06-01,12,rolling_ridge_change,440482.0,460035.2871137688
2024-06-01,2023-06-01,12,seasonal_change,440482.0,439377.14999999997
2024-06-01,2023-06-01,12,seasonal_naive,440482.0,454715.0
2024-06-01,2023-06-01,12,seasonal_residual_change,440482.0,455169.21046727867
2024-06-01,2023-06-01,12,seasonal_ridge_change,440482.0,469528.29820278287
2024-06-01,2023-06-01,12,spline_ridge_change,440482.0,465795.7661503396
2024-06-01,2023-06-01,12,xgboost_change,440482.0,454336.89501953125
