time_period,flow_breakdown,obs_value,assessment_code
2024-01-01,CLOSTLV,652110.0,1
2024-01-01,STOCKCH,4802.0,1
2024-02-01,CLOSTLV,674799.0,1
2024-02-01,STOCKCH,22689.0,1
2024-03-01,CLOSTLV,675398.0,1
2024-03-01,STOCKCH,599.0,1
2024-04-01,CLOSTLV,695015.0,1
2024-04-01,STOCKCH,19617.0,1
2024-05-01,CLOSTLV,688977.0,1
2024-05-01,STOCKCH,-6038.0,1
2024-06-01,CLOSTLV,677477.0,1
2024-06-01,STOCKCH,-11500.0,1
2024-07-01,CLOSTLV,666895.0,1
2024-07-01,STOCKCH,-10582.0,1
2024-08-01,CLOSTLV,661264.0,1
2024-08-01,STOCKCH,-5631.0,1
2024-09-01,CLOSTLV,663121.0,1
2024-09-01,STOCKCH,1857.0,1
2024-10-01,CLOSTLV,675109.0,1
2024-10-01,STOCKCH,11988.0,1
2024-11-01,CLOSTLV,677366.0,1
2024-11-01,STOCKCH,2257.0,1
2024-12-01,CLOSTLV,671557.0,1
2024-12-01,STOCKCH,-5809.0,1
2025-01-01,CLOSTLV,678106.0,1
2025-01-01,STOCKCH,6549.0,1
2025-02-01,CLOSTLV,689362.0,1
2025-02-01,STOCKCH,11256.0,1
2025-03-01,CLOSTLV,683708.0,1
2025-03-01,STOCKCH,-5654.0,1
2025-04-01,CLOSTLV,689502.0,1
2025-04-01,STOCKCH,5794.0,1
2025-05-01,CLOSTLV,687897.0,1
2025-05-01,STOCKCH,-1605.0,1
2025-06-01,CLOSTLV,672223.0,1
2025-06-01,STOCKCH,-15674.0,1
2025-07-01,CLOSTLV,678476.0,1
2025-07-01,STOCKCH,6253.0,1
2025-08-01,CLOSTLV,677551.0,1
2025-08-01,STOCKCH,-925.0,1
2025-09-01,CLOSTLV,670151.0,1
2025-09-01,STOCKCH,-7400.0,1
2025-10-01,CLOSTLV,685906.0,1
2025-10-01,STOCKCH,15755.0,1
2025-11-01,CLOSTLV,687800.0,1
2025-11-01,STOCKCH,1894.0,1
2025-12-01,CLOSTLV,680023.0,1
2025-12-01,STOCKCH,-7777.0,1
2026-01-01,CLOSTLV,693262.0,1
2026-01-01,STOCKCH,13239.0,1
2007-01-01,CLOSTLV,906974.0,1
2007-01-01,STOCKCH,11093.0,1
2007-02-01,CLOSTLV,902844.0,1
2007-02-01,STOCKCH,-4130.0,1
2007-03-01,CLOSTLV,912043.0,1
2007-03-01,STOCKCH,9199.0,1
2007-04-01,CLOSTLV,920316.0,1
2007-04-01,STOCKCH,8273.0,1
2007-05-01,CLOSTLV,929048.0,1
2007-05-01,STOCKCH,8732.0,1
2007-06-01,CLOSTLV,931408.0,1
2007-06-01,STOCKCH,2360.0,1
2007-07-01,CLOSTLV,917696.0,1
2007-07-01,STOCKCH,-13712.0,1
2007-08-01,CLOSTLV,907543.0,1
2007-08-01,STOCKCH,-10153.0,1
2007-09-01,CLOSTLV,906678.0,1
2007-09-01,STOCKCH,-865.0,1
2007-10-01,CLOSTLV,903940.0,1
2007-10-01,STOCKCH,-2738.0,1
2007-11-01,CLOSTLV,900906.0,1
2007-11-01,STOCKCH,-3034.0,1
2007-12-01,CLOSTLV,890242.0,1
2007-12-01,STOCKCH,-10664.0,1
2008-01-01,CLOSTLV,899825.0,1
2008-01-01,STOCKCH,9583.0,1
2008-02-01,CLOSTLV,903562.0,1
2008-02-01,STOCKCH,3737.0,1
2008-03-01,CLOSTLV,914662.0,1
2008-03-01,STOCKCH,11100.0,1
2008-04-01,CLOSTLV,919221.0,1
2008-04-01,STOCKCH,4559.0,1
2008-05-01,CLOSTLV,910577.0,1
2008-05-01,STOCKCH,-8644.0,1
2008-06-01,CLOSTLV,905856.0,1
2008-06-01,STOCKCH,-4721.0,1
2008-07-01,CLOSTLV,906174.0,1
2008-07-01,STOCKCH,318.0,1
2008-08-01,CLOSTLV,911421.0,1
2008-08-01,STOCKCH,5247.0,1
2008-09-01,CLOSTLV,907003.0,1
2008-09-01,STOCKCH,-4418.0,1
2008-10-01,CLOSTLV,911347.0,1
2008-10-01,STOCKCH,4344.0,1
2008-11-01,CLOSTLV,915395.0,1
2008-11-01,STOCKCH,4048.0,1
2008-12-01,CLOSTLV,914980.0,1
2008-12-01,STOCKCH,-415.0,1
2009-01-01,CLOSTLV,935656.0,1
2009-01-01,STOCKCH,20676.0,1
2009-02-01,CLOSTLV,938823.0,1
2009-02-01,STOCKCH,3167.0,1
2009-03-01,CLOSTLV,953571.0,1
2009-03-01,STOCKCH,14748.0,1
2009-04-01,CLOSTLV,960180.0,1
2009-04-01,STOCKCH,6609.0,1
2009-05-01,CLOSTLV,957730.0,1
2009-05-01,STOCKCH,-2450.0,1
2009-06-01,CLOSTLV,951721.0,1
2009-06-01,STOCKCH,-6009.0,1
2009-07-01,CLOSTLV,949746.0,1
2009-07-01,STOCKCH,-1975.0,1
2009-08-01,CLOSTLV,944418.0,1
2009-08-01,STOCKCH,-5328.0,1
2009-09-01,CLOSTLV,944580.0,1
2009-09-01,STOCKCH,162.0,1
2009-10-01,CLOSTLV,943271.0,1
2009-10-01,STOCKCH,-1309.0,1
2009-11-01,CLOSTLV,947762.0,1
2009-11-01,STOCKCH,4491.0,1
2009-12-01,CLOSTLV,939807.0,1
2009-12-01,STOCKCH,-7955.0,1
2010-01-01,CLOSTLV,942908.0,1
2010-01-01,STOCKCH,3101.0,1
2010-02-01,CLOSTLV,946282.0,1
2010-02-01,STOCKCH,3374.0,1
2010-03-01,CLOSTLV,957301.0,1
2010-03-01,STOCKCH,11019.0,1
2010-04-01,CLOSTLV,960187.0,1
2010-04-01,STOCKCH,2886.0,1
2010-05-01,CLOSTLV,958108.0,1
2010-05-01,STOCKCH,-2079.0,1
2010-06-01,CLOSTLV,962311.0,1
2010-06-01,STOCKCH,4203.0,1
2010-07-01,CLOSTLV,956946.0,1
2010-07-01,STOCKCH,-5365.0,1
2010-08-01,CLOSTLV,957109.0,1
2010-08-01,STOCKCH,163.0,1
2010-09-01,CLOSTLV,957930.0,1
2010-09-01,STOCKCH,821.0,1
2010-10-01,CLOSTLV,962525.0,1
2010-10-01,STOCKCH,4595.0,1
2010-11-01,CLOSTLV,951670.0,1
2010-11-01,STOCKCH,-10855.0,1
2010-12-01,CLOSTLV,940237.0,1
2010-12-01,STOCKCH,-11433.0,1
2011-01-01,CLOSTLV,949346.0,1
2011-01-01,STOCKCH,9109.0,1
2011-02-01,CLOSTLV,949043.0,1
2011-02-01,STOCKCH,-303.0,1
2011-03-01,CLOSTLV,959484.0,1
2011-03-01,STOCKCH,10441.0,1
2011-04-01,CLOSTLV,963672.0,1
2011-04-01,STOCKCH,4188.0,1
2011-05-01,CLOSTLV,964553.0,1
2011-05-01,STOCKCH,881.0,1
2011-06-01,CLOSTLV,958722.0,1
2011-06-01,STOCKCH,-5831.0,1
2011-07-01,CLOSTLV,942590.0,1
2011-07-01,STOCKCH,-16132.0,1
2011-08-01,CLOSTLV,922551.0,1
2011-08-01,STOCKCH,-20039.0,1
2011-09-01,CLOSTLV,909312.0,1
2011-09-01,STOCKCH,-13239.0,1
2011-10-01,CLOSTLV,915765.0,1
2011-10-01,STOCKCH,6453.0,1
2011-11-01,CLOSTLV,913944.0,1
2011-11-01,STOCKCH,-1821.0,1
2011-12-01,CLOSTLV,908291.0,1
2011-12-01,STOCKCH,-5653.0,1
2012-01-01,CLOSTLV,911295.0,1
2012-01-01,STOCKCH,3004.0,1
2012-02-01,CLOSTLV,915528.0,1
2012-02-01,STOCKCH,4233.0,1
2012-03-01,CLOSTLV,928656.0,1
2012-03-01,STOCKCH,13128.0,1
2012-04-01,CLOSTLV,933273.0,1
2012-04-01,STOCKCH,4617.0,1
2012-05-01,CLOSTLV,938875.0,1
2012-05-01,STOCKCH,5602.0,1
2012-06-01,CLOSTLV,937839.0,1
2012-06-01,STOCKCH,-1036.0,1
2012-07-01,CLOSTLV,928397.0,1
2012-07-01,STOCKCH,-9442.0,1
2012-08-01,CLOSTLV,923661.0,1
2012-08-01,STOCKCH,-4736.0,1
2012-09-01,CLOSTLV,925496.0,1
2012-09-01,STOCKCH,1835.0,1
2012-10-01,CLOSTLV,930217.0,1
2012-10-01,STOCKCH,4721.0,1
2012-11-01,CLOSTLV,933858.0,1
2012-11-01,STOCKCH,3641.0,1
2012-12-01,CLOSTLV,923535.0,1
2012-12-01,STOCKCH,-10323.0,1
2013-01-01,CLOSTLV,932208.0,1
2013-01-01,STOCKCH,8673.0,1
2013-02-01,CLOSTLV,936677.0,1
2013-02-01,STOCKCH,4469.0,1
2013-03-01,CLOSTLV,942212.0,1
2013-03-01,STOCKCH,5535.0,1
2013-04-01,CLOSTLV,944314.0,1
2013-04-01,STOCKCH,2102.0,1
2013-05-01,CLOSTLV,940355.0,1
2013-05-01,STOCKCH,-3959.0,1
2013-06-01,CLOSTLV,929277.0,1
2013-06-01,STOCKCH,-11078.0,1
2013-07-01,CLOSTLV,925044.0,1
2013-07-01,STOCKCH,-4233.0,1
2013-08-01,CLOSTLV,926080.0,1
2013-08-01,STOCKCH,1036.0,1
2013-09-01,CLOSTLV,926147.0,1
2013-09-01,STOCKCH,67.0,1
2013-10-01,CLOSTLV,934398.0,1
2013-10-01,STOCKCH,8251.0,1
2013-11-01,CLOSTLV,929144.0,1
2013-11-01,STOCKCH,-5254.0,1
2013-12-01,CLOSTLV,916024.0,1
2013-12-01,STOCKCH,-13120.0,1
2014-01-01,CLOSTLV,933251.0,1
2014-01-01,STOCKCH,4840.0,1
2014-02-01,CLOSTLV,938794.0,1
2014-02-01,STOCKCH,5543.0,1
2014-03-01,CLOSTLV,948835.0,1
2014-03-01,STOCKCH,10041.0,1
2014-04-01,CLOSTLV,955532.0,1
2014-04-01,STOCKCH,6697.0,1
2014-05-01,CLOSTLV,954311.0,1
2014-05-01,STOCKCH,-1221.0,1
2014-06-01,CLOSTLV,943996.0,1
2014-06-01,STOCKCH,-10315.0,1
2014-07-01,CLOSTLV,928781.0,1
2014-07-01,STOCKCH,-15215.0,1
2014-08-01,CLOSTLV,921011.0,1
2014-08-01,STOCKCH,-7770.0,1
2014-09-01,CLOSTLV,921581.0,1
2014-09-01,STOCKCH,570.0,1
2014-10-01,CLOSTLV,942538.0,1
2014-10-01,STOCKCH,20957.0,1
2014-11-01,CLOSTLV,947022.0,1
2014-11-01,STOCKCH,4484.0,1
2014-12-01,CLOSTLV,953046.0,1
2014-12-01,STOCKCH,6024.0,1
2015-01-01,CLOSTLV,981048.0,1
2015-01-01,STOCKCH,28002.0,1
2015-02-01,CLOSTLV,1006711.0,1
2015-02-01,STOCKCH,25663.0,1
2015-03-01,CLOSTLV,1034091.0,1
2015-03-01,STOCKCH,27380.0,1
2015-04-01,CLOSTLV,1043259.0,1
2015-04-01,STOCKCH,9168.0,1
2015-05-01,CLOSTLV,1040270.0,1
2015-05-01,STOCKCH,-2989.0,1
2015-06-01,CLOSTLV,1032433.0,1
2015-06-01,STOCKCH,-7837.0,1
2015-07-01,CLOSTLV,1019705.0,1
2015-07-01,STOCKCH,-12728.0,1
2015-08-01,CLOSTLV,1022169.0,1
2015-08-01,STOCKCH,2464.0,1
2015-09-01,CLOSTLV,1025137.0,1
2015-09-01,STOCKCH,2968.0,1
2015-10-01,CLOSTLV,1050859.0,1
2015-10-01,STOCKCH,25722.0,1
2015-11-01,CLOSTLV,1051288.0,1
2015-11-01,STOCKCH,429.0,1
2015-12-01,CLOSTLV,1045235.0,1
2015-12-01,STOCKCH,-6053.0,1
2016-01-01,CLOSTLV,1052102.0,1
2016-01-01,STOCKCH,19432.0,1
2016-02-01,CLOSTLV,1071809.0,1
2016-02-01,STOCKCH,19707.0,1
2016-03-01,CLOSTLV,1076212.0,1
2016-03-01,STOCKCH,4403.0,1
2016-04-01,CLOSTLV,1080977.0,1
2016-04-01,STOCKCH,4765.0,1
2016-05-01,CLOSTLV,1083678.0,1
2016-05-01,STOCKCH,2701.0,1
2016-06-01,CLOSTLV,1072660.0,1
2016-06-01,STOCKCH,-11018.0,1
2016-07-01,CLOSTLV,1064705.0,1
2016-07-01,STOCKCH,-7955.0,1
2016-08-01,CLOSTLV,1058304.0,1
2016-08-01,STOCKCH,-6401.0,1
2016-09-01,CLOSTLV,1045724.0,1
2016-09-01,STOCKCH,-12580.0,1
2016-10-01,CLOSTLV,1066473.0,1
2016-10-01,STOCKCH,20749.0,1
2016-11-01,CLOSTLV,1066281.0,1
2016-11-01,STOCKCH,-192.0,1
2016-12-01,CLOSTLV,1063217.0,1
2016-12-01,STOCKCH,-3064.0,1
2017-01-01,CLOSTLV,1083338.0,1
2017-01-01,STOCKCH,20121.0,1
2017-02-01,CLOSTLV,1102652.0,1
2017-02-01,STOCKCH,19314.0,1
2017-03-01,CLOSTLV,1112324.0,1
2017-03-01,STOCKCH,9672.0,1
2017-04-01,CLOSTLV,1095548.0,1
2017-04-01,STOCKCH,-16776.0,1
2017-05-01,CLOSTLV,1084270.0,1
2017-05-01,STOCKCH,-11278.0,1
2017-06-01,CLOSTLV,1063017.0,1
2017-06-01,STOCKCH,-21253.0,1
2017-07-01,CLOSTLV,1044702.0,1
2017-07-01,STOCKCH,-18315.0,1
2017-08-01,CLOSTLV,1020075.0,1
2017-08-01,STOCKCH,-24627.0,1
2017-09-01,CLOSTLV,1017108.0,1
2017-09-01,STOCKCH,-2967.0,1
2017-10-01,CLOSTLV,1001449.0,1
2017-10-01,STOCKCH,-15659.0,1
2017-11-01,CLOSTLV,987042.0,1
2017-11-01,STOCKCH,-14407.0,1
2017-12-01,CLOSTLV,955976.0,1
2017-12-01,STOCKCH,-31066.0,1
2018-01-01,CLOSTLV,955222.0,1
2018-01-01,STOCKCH,-754.0,1
2018-02-01,CLOSTLV,960061.0,1
2018-02-01,STOCKCH,4839.0,1
2018-03-01,CLOSTLV,961149.0,1
2018-03-01,STOCKCH,1088.0,1
2018-04-01,CLOSTLV,971265.0,1
2018-04-01,STOCKCH,10116.0,1
2018-05-01,CLOSTLV,965685.0,1
2018-05-01,STOCKCH,-5580.0,1
2018-06-01,CLOSTLV,947089.0,1
2018-06-01,STOCKCH,-18596.0,1
2018-07-01,CLOSTLV,942205.0,1
2018-07-01,STOCKCH,-4884.0,1
2018-08-01,CLOSTLV,940385.0,1
2018-08-01,STOCKCH,-1820.0,1
2018-09-01,CLOSTLV,947392.0,1
2018-09-01,STOCKCH,7007.0,1
2018-10-01,CLOSTLV,958552.0,1
2018-10-01,STOCKCH,11160.0,1
2018-11-01,CLOSTLV,969415.0,1
2018-11-01,STOCKCH,10863.0,1
2018-12-01,CLOSTLV,962178.0,1
2018-12-01,STOCKCH,-7237.0,1
2019-01-01,CLOSTLV,969185.0,1
2019-01-01,STOCKCH,7007.0,1
2019-02-01,CLOSTLV,972101.0,1
2019-02-01,STOCKCH,2916.0,1
2019-03-01,CLOSTLV,975061.0,1
2019-03-01,STOCKCH,2960.0,1
2019-04-01,CLOSTLV,984022.0,1
2019-04-01,STOCKCH,8961.0,1
2019-05-01,CLOSTLV,992170.0,1
2019-05-01,STOCKCH,8148.0,1
2019-06-01,CLOSTLV,975572.0,1
2019-06-01,STOCKCH,-16598.0,1
2019-07-01,CLOSTLV,953660.0,1
2019-07-01,STOCKCH,-21912.0,1
2019-08-01,CLOSTLV,942257.0,1
2019-08-01,STOCKCH,-11403.0,1
2019-09-01,CLOSTLV,933281.0,1
2019-09-01,STOCKCH,-8976.0,1
2019-10-01,CLOSTLV,947392.0,1
2019-10-01,STOCKCH,14111.0,1
2019-11-01,CLOSTLV,943900.0,1
2019-11-01,STOCKCH,-3492.0,1
2019-12-01,CLOSTLV,929906.0,1
2019-12-01,STOCKCH,-13994.0,1
2020-01-01,CLOSTLV,939807.0,1
2020-01-01,STOCKCH,9901.0,1
2020-02-01,CLOSTLV,951196.0,1
2020-02-01,STOCKCH,11389.0,1
2020-03-01,CLOSTLV,980026.0,1
2020-03-01,STOCKCH,28830.0,1
2020-04-01,CLOSTLV,1032988.0,1
2020-04-01,STOCKCH,52962.0,1
2020-05-01,CLOSTLV,1037362.0,1
2020-05-01,STOCKCH,4374.0,1
2020-06-01,CLOSTLV,1056846.0,1
2020-06-01,STOCKCH,19484.0,1
2020-07-01,CLOSTLV,1045065.0,1
2020-07-01,STOCKCH,-11781.0,1
2020-08-01,CLOSTLV,1022932.0,1
2020-08-01,STOCKCH,-22133.0,1
2020-09-01,CLOSTLV,1010696.0,1
2020-09-01,STOCKCH,-12236.0,1
2020-10-01,CLOSTLV,1002993.0,1
2020-10-01,STOCKCH,-7703.0,1
2020-11-01,CLOSTLV,1009338.0,1
2020-11-01,STOCKCH,6345.0,1
2020-12-01,CLOSTLV,992984.0,1
2020-12-01,STOCKCH,-16354.0,1
2021-01-01,CLOSTLV,995862.0,1
2021-01-01,STOCKCH,2878.0,1
2021-02-01,CLOSTLV,1013489.0,1
2021-02-01,STOCKCH,17627.0,1
2021-03-01,CLOSTLV,1019757.0,1
2021-03-01,STOCKCH,6268.0,1
2021-04-01,CLOSTLV,1003743.0,1
2021-04-01,STOCKCH,-16014.0,1
2021-05-01,CLOSTLV,983867.0,1
2021-05-01,STOCKCH,-19876.0,1
2021-06-01,CLOSTLV,947178.0,1
2021-06-01,STOCKCH,-36689.0,1
2021-07-01,CLOSTLV,936596.0,1
2021-07-01,STOCKCH,-10582.0,1
2021-08-01,CLOSTLV,916912.0,1
2021-08-01,STOCKCH,-19684.0,1
2021-09-01,CLOSTLV,911702.0,1
2021-09-01,STOCKCH,-5210.0,1
2021-10-01,CLOSTLV,920826.0,1
2021-10-01,STOCKCH,9124.0,1
2021-11-01,CLOSTLV,909031.0,1
2021-11-01,STOCKCH,-11795.0,1
2021-12-01,CLOSTLV,888696.0,1
2021-12-01,STOCKCH,-20335.0,1
2022-01-01,CLOSTLV,876182.0,1
2022-01-01,STOCKCH,-12514.0,1
2022-02-01,CLOSTLV,861589.0,1
2022-02-01,STOCKCH,-14593.0,1
2022-03-01,CLOSTLV,843119.0,1
2022-03-01,STOCKCH,-18470.0,1
2022-04-01,CLOSTLV,829651.0,1
2022-04-01,STOCKCH,-13468.0,1
2022-05-01,CLOSTLV,800051.0,1
2022-05-01,STOCKCH,-29600.0,1
2022-06-01,CLOSTLV,775187.0,1
2022-06-01,STOCKCH,-24864.0,1
2022-07-01,CLOSTLV,756583.0,1
2022-07-01,STOCKCH,-18604.0,1
2022-08-01,CLOSTLV,728256.0,1
2022-08-01,STOCKCH,-28327.0,1
2022-09-01,CLOSTLV,708661.0,1
2022-09-01,STOCKCH,-19595.0,1
2022-10-01,CLOSTLV,701646.0,1
2022-10-01,STOCKCH,-7015.0,1
2022-11-01,CLOSTLV,668405.0,1
2022-11-01,STOCKCH,-33241.0,1
2022-12-01,CLOSTLV,665223.0,1
2022-12-01,STOCKCH,-3182.0,1
2023-01-01,CLOSTLV,694734.0,1
2023-01-01,STOCKCH,29511.0,1
2023-02-01,CLOSTLV,707285.0,1
2023-02-01,STOCKCH,12551.0,1
2023-03-01,CLOSTLV,702526.0,1
2023-03-01,STOCKCH,-4759.0,1
2023-04-01,CLOSTLV,689525.0,1
2023-04-01,STOCKCH,-13001.0,1
2023-05-01,CLOSTLV,681096.0,1
2023-05-01,STOCKCH,-8429.0,1
2023-06-01,CLOSTLV,667806.0,1
2023-06-01,STOCKCH,-13290.0,1
2023-07-01,CLOSTLV,653154.0,1
2023-07-01,STOCKCH,-14652.0,1
2023-08-01,CLOSTLV,633544.0,1
2023-08-01,STOCKCH,-19610.0,1
2023-09-01,CLOSTLV,634646.0,1
2023-09-01,STOCKCH,1102.0,1
2023-10-01,CLOSTLV,643252.0,1
2023-10-01,STOCKCH,8606.0,1
2023-11-01,CLOSTLV,659962.0,1
2023-11-01,STOCKCH,16710.0,1
2023-12-01,CLOSTLV,647308.0,1
2023-12-01,STOCKCH,-12654.0,1
2024-01-01,INDPROD,389161.0,1
2024-01-01,REFINOBS,477381.0,1
2024-01-01,STATDIFF,-13095.0,3
2024-01-01,TOTEXPSB,125520.0,1
2024-01-01,TOTIMPSB,205447.0,1
2024-02-01,INDPROD,379960.0,1
2024-02-01,REFINOBS,431574.0,1
2024-02-01,STATDIFF,-19879.0,3
2024-02-01,TOTEXPSB,135152.0,1
2024-02-01,TOTIMPSB,189576.0,1
2024-03-01,INDPROD,408294.0,1
2024-03-01,REFINOBS,491803.0,1
2024-03-01,STATDIFF,-25331.0,3
2024-03-01,TOTEXPSB,133305.0,1
2024-03-01,TOTIMPSB,192082.0,1
2024-04-01,INDPROD,397459.0,1
2024-04-01,REFINOBS,476453.0,1
2024-04-01,STATDIFF,-24280.0,3
2024-04-01,TOTEXPSB,123010.0,1
2024-04-01,TOTIMPSB,197341.0,1
2024-05-01,INDPROD,409235.0,1
2024-05-01,REFINOBS,518273.0,1
2024-05-01,STATDIFF,-11884.0,3
2024-05-01,TOTEXPSB,127604.0,1
2024-05-01,TOTIMPSB,218720.0,1
2024-06-01,INDPROD,397196.0,1
2024-06-01,REFINOBS,504446.0,1
2024-06-01,STATDIFF,-22758.0,3
2024-06-01,TOTEXPSB,126932.0,1
2024-06-01,TOTIMPSB,199924.0,1
2024-07-01,INDPROD,409344.0,1
2024-07-01,REFINOBS,513583.0,1
2024-07-01,STATDIFF,-2827.0,3
2024-07-01,TOTEXPSB,129978.0,1
2024-07-01,TOTIMPSB,220808.0,1
2024-08-01,INDPROD,414270.0,1
2024-08-01,REFINOBS,522000.0,1
2024-08-01,STATDIFF,-27140.0,3
2024-08-01,TOTEXPSB,121129.0,1
2024-08-01,TOTIMPSB,196088.0,1
2024-09-01,INDPROD,395937.0,1
2024-09-01,REFINOBS,486017.0,1
2024-09-01,STATDIFF,-9906.0,3
2024-09-01,TOTEXPSB,111647.0,1
2024-09-01,TOTIMPSB,193678.0,1
2024-10-01,INDPROD,417158.0,1
2024-10-01,REFINOBS,499725.0,1
2024-10-01,STATDIFF,-17537.0,3
2024-10-01,TOTEXPSB,120008.0,1
2024-10-01,TOTIMPSB,197026.0,1
2024-11-01,INDPROD,399412.0,1
2024-11-01,REFINOBS,496611.0,1
2024-11-01,STATDIFF,-32156.0,3
2024-11-01,TOTEXPSB,130026.0,1
2024-11-01,TOTIMPSB,197326.0,1
2024-12-01,INDPROD,416988.0,1
2024-12-01,REFINOBS,519936.0,1
2024-12-01,STATDIFF,-13223.0,3
2024-12-01,TOTEXPSB,119361.0,1
2024-12-01,TOTIMPSB,203277.0,1
2025-01-01,INDPROD,407537.0,1
2025-01-01,REFINOBS,487847.0,1
2025-01-01,STATDIFF,-2588.0,3
2025-01-01,TOTEXPSB,121859.0,1
2025-01-01,TOTIMPSB,206130.0,1
2025-02-01,INDPROD,368457.0,1
2025-02-01,REFINOBS,430007.0,1
2025-02-01,STATDIFF,-23783.0,3
2025-02-01,TOTEXPSB,120236.0,1
2025-02-01,TOTIMPSB,169259.0,1
2025-03-01,INDPROD,418136.0,1
2025-03-01,REFINOBS,490719.0,1
2025-03-01,STATDIFF,-13838.0,3
2025-03-01,TOTEXPSB,125346.0,1
2025-03-01,TOTIMPSB,178437.0,1
2025-04-01,INDPROD,404053.0,1
2025-04-01,REFINOBS,482718.0,1
2025-04-01,STATDIFF,-19958.0,3
2025-04-01,TOTEXPSB,116501.0,1
2025-04-01,TOTIMPSB,181002.0,1
2025-05-01,INDPROD,416855.0,1
2025-05-01,REFINOBS,518431.0,1
2025-05-01,STATDIFF,-18423.0,3
2025-05-01,TOTEXPSB,112494.0,1
2025-05-01,TOTIMPSB,194042.0,1
2025-06-01,INDPROD,407397.0,1
2025-06-01,REFINOBS,512858.0,1
2025-06-01,STATDIFF,-17721.0,3
2025-06-01,TOTEXPSB,112873.0,1
2025-06-01,TOTIMPSB,184939.0,1
2025-07-01,INDPROD,422891.0,1
2025-07-01,REFINOBS,526987.0,1
2025-07-01,STATDIFF,-23285.0,3
2025-07-01,TOTEXPSB,109110.0,1
2025-07-01,TOTIMPSB,196174.0,1
2025-08-01,INDPROD,427610.0,1
2025-08-01,REFINOBS,525210.0,1
2025-08-01,STATDIFF,-12647.0,3
2025-08-01,TOTEXPSB,110741.0,1
2025-08-01,TOTIMPSB,194769.0,1
2025-09-01,INDPROD,415333.0,1
2025-09-01,REFINOBS,493933.0,1
2025-09-01,STATDIFF,-10259.0,3
2025-09-01,TOTEXPSB,131098.0,1
2025-09-01,TOTIMPSB,192039.0,1
2025-10-01,INDPROD,429983.0,1
2025-10-01,REFINOBS,481299.0,1
2025-10-01,STATDIFF,-12200.0,3
2025-10-01,TOTEXPSB,127961.0,1
2025-10-01,TOTIMPSB,182832.0,1
2025-11-01,INDPROD,413457.0,1
2025-11-01,REFINOBS,498828.0,1
2025-11-01,STATDIFF,-30494.0,3
2025-11-01,TOTEXPSB,116633.0,1
2025-11-01,TOTIMPSB,173404.0,1
2025-12-01,INDPROD,423302.0,1
2025-12-01,REFINOBS,526549.0,1
2025-12-01,STATDIFF,-25287.0,3
2025-12-01,TOTEXPSB,128516.0,1
2025-12-01,TOTIMPSB,198699.0,1
2026-01-01,INDPROD,422009.0,1
2026-01-01,REFINOBS,509507.0,1
2026-01-01,STATDIFF,-31266.0,3
2026-01-01,TOTEXPSB,128151.0,1
2026-01-01,TOTIMPSB,197622.0,1
2007-01-01,INDPROD,158342.0,1
2007-01-01,REFINOBS,464739.0,1
2007-01-01,TOTEXPSB,294.0,1
2007-01-01,TOTIMPSB,315967.0,1
2007-02-01,INDPROD,143301.0,1
2007-02-01,REFINOBS,404184.0,1
2007-02-01,TOTEXPSB,703.0,1
2007-02-01,TOTIMPSB,253372.0,1
2007-03-01,INDPROD,158697.0,1
2007-03-01,REFINOBS,460039.0,1
2007-03-01,TOTEXPSB,1047.0,1
2007-03-01,TOTIMPSB,320793.0,1
2007-04-01,INDPROD,155407.0,1
2007-04-01,REFINOBS,451360.0,1
2007-04-01,TOTEXPSB,573.0,1
2007-04-01,TOTIMPSB,305431.0,1
2007-05-01,INDPROD,161548.0,1
2007-05-01,REFINOBS,476790.0,1
2007-05-01,TOTEXPSB,1117.0,1
2007-05-01,TOTIMPSB,319040.0,1
2007-06-01,INDPROD,152254.0,1
2007-06-01,REFINOBS,457432.0,1
2007-06-01,TOTEXPSB,1565.0,1
2007-06-01,TOTIMPSB,299477.0,1
2007-07-01,INDPROD,156175.0,1
2007-07-01,REFINOBS,485807.0,1
2007-07-01,TOTEXPSB,822.0,1
2007-07-01,TOTIMPSB,306950.0,1
2007-08-01,INDPROD,154060.0,1
2007-08-01,REFINOBS,486242.0,1
2007-08-01,TOTEXPSB,1307.0,1
2007-08-01,TOTIMPSB,318808.0,1
2007-09-01,INDPROD,147061.0,1
2007-09-01,REFINOBS,456777.0,1
2007-09-01,TOTEXPSB,1013.0,1
2007-09-01,TOTIMPSB,309442.0,1
2007-10-01,INDPROD,155680.0,1
2007-10-01,REFINOBS,462926.0,1
2007-10-01,TOTEXPSB,337.0,1
2007-10-01,TOTIMPSB,303052.0,1
2007-11-01,INDPROD,151021.0,1
2007-11-01,REFINOBS,454535.0,1
2007-11-01,TOTEXPSB,603.0,1
2007-11-01,TOTIMPSB,299338.0,1
2007-12-01,INDPROD,158427.0,1
2007-12-01,REFINOBS,471266.0,1
2007-12-01,TOTEXPSB,626.0,1
2007-12-01,TOTIMPSB,304500.0,1
2008-01-01,INDPROD,158566.0,1
2008-01-01,REFINOBS,458931.0,1
2008-01-01,TOTEXPSB,364.0,1
2008-01-01,TOTIMPSB,312536.0,1
2008-02-01,INDPROD,149297.0,1
2008-02-01,REFINOBS,424130.0,1
2008-02-01,TOTEXPSB,578.0,1
2008-02-01,TOTIMPSB,279439.0,1
2008-03-01,INDPROD,160868.0,1
2008-03-01,REFINOBS,445289.0,1
2008-03-01,TOTEXPSB,910.0,1
2008-03-01,TOTIMPSB,298712.0,1
2008-04-01,INDPROD,155403.0,1
2008-04-01,REFINOBS,443966.0,1
2008-04-01,TOTEXPSB,419.0,1
2008-04-01,TOTIMPSB,299373.0,1
2008-05-01,INDPROD,159437.0,1
2008-05-01,REFINOBS,473155.0,1
2008-05-01,TOTEXPSB,581.0,1
2008-05-01,TOTIMPSB,299584.0,1
2008-06-01,INDPROD,154133.0,1
2008-06-01,REFINOBS,462522.0,1
2008-06-01,TOTEXPSB,659.0,1
2008-06-01,TOTIMPSB,300528.0,1
2008-07-01,INDPROD,160481.0,1
2008-07-01,REFINOBS,472919.0,1
2008-07-01,TOTEXPSB,894.0,1
2008-07-01,TOTIMPSB,314092.0,1
2008-08-01,INDPROD,155092.0,1
2008-08-01,REFINOBS,463366.0,1
2008-08-01,TOTEXPSB,1234.0,1
2008-08-01,TOTIMPSB,320049.0,1
2008-09-01,INDPROD,119208.0,1
2008-09-01,REFINOBS,382781.0,1
2008-09-01,TOTEXPSB,1173.0,1
2008-09-01,TOTIMPSB,253396.0,1
2008-10-01,INDPROD,146868.0,1
2008-10-01,REFINOBS,451125.0,1
2008-10-01,TOTEXPSB,1321.0,1
2008-10-01,TOTIMPSB,312681.0,1
2008-11-01,INDPROD,152343.0,1
2008-11-01,REFINOBS,438184.0,1
2008-11-01,TOTEXPSB,916.0,1
2008-11-01,TOTIMPSB,298309.0,1
2008-12-01,INDPROD,158183.0,1
2008-12-01,REFINOBS,444919.0,1
2008-12-01,TOTEXPSB,1413.0,1
2008-12-01,TOTIMPSB,291995.0,1
2009-01-01,INDPROD,159467.0,1
2009-01-01,REFINOBS,438531.0,1
2009-01-01,STATDIFF,4554.0,3
2009-01-01,TOTEXPSB,1122.0,1
2009-01-01,TOTIMPSB,305416.0,1
2009-02-01,INDPROD,146698.0,1
2009-02-01,REFINOBS,395745.0,1
2009-02-01,STATDIFF,4688.0,3
2009-02-01,TOTEXPSB,833.0,1
2009-02-01,TOTIMPSB,257735.0,1
2009-03-01,INDPROD,161776.0,1
2009-03-01,REFINOBS,437672.0,1
2009-03-01,STATDIFF,1077.0,3
2009-03-01,TOTEXPSB,943.0,1
2009-03-01,TOTIMPSB,292664.0,1
2009-04-01,INDPROD,158344.0,1
2009-04-01,REFINOBS,431469.0,1
2009-04-01,STATDIFF,1652.0,3
2009-04-01,TOTEXPSB,799.0,1
2009-04-01,TOTIMPSB,282185.0,1
2009-05-01,INDPROD,166684.0,1
2009-05-01,REFINOBS,448961.0,1
2009-05-01,STATDIFF,-4592.0,3
2009-05-01,TOTEXPSB,1634.0,1
2009-05-01,TOTIMPSB,276869.0,1
2009-06-01,INDPROD,158079.0,1
2009-06-01,REFINOBS,445507.0,1
2009-06-01,STATDIFF,-7957.0,3
2009-06-01,TOTEXPSB,1698.0,1
2009-06-01,TOTIMPSB,275160.0,1
2009-07-01,INDPROD,167336.0,1
2009-07-01,REFINOBS,453727.0,1
2009-07-01,STATDIFF,637.0,3
2009-07-01,TOTEXPSB,971.0,1
2009-07-01,TOTIMPSB,286024.0,1
2009-08-01,INDPROD,167945.0,1
2009-08-01,REFINOBS,452372.0,1
2009-08-01,STATDIFF,-4819.0,3
2009-08-01,TOTEXPSB,1091.0,1
2009-08-01,TOTIMPSB,275371.0,1
2009-09-01,INDPROD,166765.0,1
2009-09-01,REFINOBS,441304.0,1
2009-09-01,STATDIFF,735.0,3
2009-09-01,TOTEXPSB,1265.0,1
2009-09-01,TOTIMPSB,276701.0,1
2009-10-01,INDPROD,171258.0,1
2009-10-01,REFINOBS,436954.0,1
2009-10-01,STATDIFF,-1092.0,3
2009-10-01,TOTEXPSB,2241.0,1
2009-10-01,TOTIMPSB,265536.0,1
2009-11-01,INDPROD,161838.0,1
2009-11-01,REFINOBS,416928.0,1
2009-11-01,STATDIFF,323.0,3
2009-11-01,TOTEXPSB,1365.0,1
2009-11-01,TOTIMPSB,261269.0,1
2009-12-01,INDPROD,169004.0,1
2009-12-01,REFINOBS,433486.0,1
2009-12-01,STATDIFF,-6421.0,3
2009-12-01,TOTEXPSB,2022.0,1
2009-12-01,TOTIMPSB,252128.0,1
2010-01-01,INDPROD,167529.0,1
2010-01-01,REFINOBS,423661.0,1
2010-01-01,STATDIFF,1842.0,3
2010-01-01,TOTEXPSB,1008.0,1
2010-01-01,TOTIMPSB,262083.0,1
2010-02-01,INDPROD,155496.0,1
2010-02-01,REFINOBS,390593.0,1
2010-02-01,STATDIFF,2952.0,3
2010-02-01,TOTEXPSB,1621.0,1
2010-02-01,TOTIMPSB,243044.0,1
2010-03-01,INDPROD,170976.0,1
2010-03-01,REFINOBS,443724.0,1
2010-03-01,STATDIFF,2898.0,3
2010-03-01,TOTEXPSB,1395.0,1
2010-03-01,TOTIMPSB,288060.0,1
2010-04-01,INDPROD,161769.0,1
2010-04-01,REFINOBS,453925.0,1
2010-04-01,STATDIFF,-3918.0,3
2010-04-01,TOTEXPSB,1095.0,1
2010-04-01,TOTIMPSB,292219.0,1
2010-05-01,INDPROD,167427.0,1
2010-05-01,REFINOBS,471668.0,1
2010-05-01,STATDIFF,-5008.0,3
2010-05-01,TOTEXPSB,1121.0,1
2010-05-01,TOTIMPSB,298275.0,1
2010-06-01,INDPROD,161385.0,1
2010-06-01,REFINOBS,461454.0,1
2010-06-01,STATDIFF,-824.0,3
2010-06-01,TOTEXPSB,937.0,1
2010-06-01,TOTIMPSB,304385.0,1
2010-07-01,INDPROD,164234.0,1
2010-07-01,REFINOBS,481087.0,1
2010-07-01,STATDIFF,-7041.0,3
2010-07-01,TOTEXPSB,2140.0,1
2010-07-01,TOTIMPSB,306587.0,1
2010-08-01,INDPROD,168867.0,1
2010-08-01,REFINOBS,468408.0,1
2010-08-01,STATDIFF,-6760.0,3
2010-08-01,TOTEXPSB,1113.0,1
2010-08-01,TOTIMPSB,294057.0,1
2010-09-01,INDPROD,168473.0,1
2010-09-01,REFINOBS,442204.0,1
2010-09-01,STATDIFF,-1352.0,3
2010-09-01,TOTEXPSB,1838.0,1
2010-09-01,TOTIMPSB,275038.0,1
2010-10-01,INDPROD,174547.0,1
2010-10-01,REFINOBS,434001.0,1
2010-10-01,STATDIFF,-1604.0,3
2010-10-01,TOTEXPSB,728.0,1
2010-10-01,TOTIMPSB,263173.0,1
2010-11-01,INDPROD,167272.0,1
2010-11-01,REFINOBS,439110.0,1
2010-11-01,STATDIFF,-3709.0,3
2010-11-01,TOTEXPSB,953.0,1
2010-11-01,TOTIMPSB,258227.0,1
2010-12-01,INDPROD,173831.0,1
2010-12-01,REFINOBS,464259.0,1
2010-12-01,STATDIFF,-12691.0,3
2010-12-01,TOTEXPSB,1249.0,1
2010-12-01,TOTIMPSB,267553.0,1
2011-01-01,INDPROD,170393.0,1
2011-01-01,REFINOBS,447107.0,1
2011-01-01,STATDIFF,-6912.0,3
2011-01-01,TOTEXPSB,2228.0,1
2011-01-01,TOTIMPSB,281139.0,1
2011-02-01,INDPROD,151354.0,1
2011-02-01,REFINOBS,382929.0,1
2011-02-01,STATDIFF,-7755.0,3
2011-02-01,TOTEXPSB,847.0,1
2011-02-01,TOTIMPSB,224364.0,1
2011-03-01,INDPROD,174158.0,1
2011-03-01,REFINOBS,447988.0,1
2011-03-01,STATDIFF,-5381.0,3
2011-03-01,TOTEXPSB,1126.0,1
2011-03-01,TOTIMPSB,280016.0,1
2011-04-01,INDPROD,166858.0,1
2011-04-01,REFINOBS,426917.0,1
2011-04-01,STATDIFF,-4037.0,3
2011-04-01,TOTEXPSB,1227.0,1
2011-04-01,TOTIMPSB,261437.0,1
2011-05-01,INDPROD,174363.0,1
2011-05-01,REFINOBS,456252.0,1
2011-05-01,STATDIFF,-5288.0,3
2011-05-01,TOTEXPSB,1148.0,1
2011-05-01,TOTIMPSB,278630.0,1
2011-06-01,INDPROD,167673.0,1
2011-06-01,REFINOBS,458825.0,1
2011-06-01,STATDIFF,-8968.0,3
2011-06-01,TOTEXPSB,1066.0,1
2011-06-01,TOTIMPSB,277419.0,1
2011-07-01,INDPROD,168635.0,1
2011-07-01,REFINOBS,483271.0,1
2011-07-01,STATDIFF,-12165.0,3
2011-07-01,TOTEXPSB,2263.0,1
2011-07-01,TOTIMPSB,288602.0,1
2011-08-01,INDPROD,175618.0,1
2011-08-01,REFINOBS,482239.0,1
2011-08-01,STATDIFF,-7965.0,3
2011-08-01,TOTEXPSB,1047.0,1
2011-08-01,TOTIMPSB,279664.0,1
2011-09-01,INDPROD,168411.0,1
2011-09-01,REFINOBS,458248.0,1
2011-09-01,STATDIFF,-7490.0,3
2011-09-01,TOTEXPSB,1065.0,1
2011-09-01,TOTIMPSB,270173.0,1
2011-10-01,INDPROD,182977.0,1
2011-10-01,REFINOBS,451659.0,1
2011-10-01,STATDIFF,3182.0,3
2011-10-01,TOTEXPSB,1568.0,1
2011-10-01,TOTIMPSB,279885.0,1
2011-11-01,INDPROD,181157.0,1
2011-11-01,REFINOBS,448802.0,1
2011-11-01,STATDIFF,-2959.0,3
2011-11-01,TOTEXPSB,1928.0,1
2011-11-01,TOTIMPSB,264793.0,1
2011-12-01,INDPROD,189487.0,1
2011-12-01,REFINOBS,460110.0,1
2011-12-01,STATDIFF,3572.0,3
2011-12-01,TOTEXPSB,1646.0,1
2011-12-01,TOTIMPSB,270188.0,1
2012-01-01,INDPROD,191472.0,1
2012-01-01,REFINOBS,445596.0,1
2012-01-01,STATDIFF,6868.0,3
2012-01-01,TOTEXPSB,1743.0,1
2012-01-01,TOTIMPSB,265739.0,1
2012-02-01,INDPROD,181783.0,1
2012-02-01,REFINOBS,423846.0,1
2012-02-01,STATDIFF,156.0,3
2012-02-01,TOTEXPSB,1721.0,1
2012-02-01,TOTIMPSB,248173.0,1
2012-03-01,INDPROD,196138.0,1
2012-03-01,REFINOBS,448765.0,1
2012-03-01,STATDIFF,4161.0,3
2012-03-01,TOTEXPSB,1851.0,1
2012-03-01,TOTIMPSB,271767.0,1
2012-04-01,INDPROD,189601.0,1
2012-04-01,REFINOBS,438283.0,1
2012-04-01,STATDIFF,3477.0,3
2012-04-01,TOTEXPSB,968.0,1
2012-04-01,TOTIMPSB,257744.0,1
2012-05-01,INDPROD,197456.0,1
2012-05-01,REFINOBS,467997.0,1
2012-05-01,STATDIFF,-2112.0,3
2012-05-01,TOTEXPSB,2142.0,1
2012-05-01,TOTIMPSB,276173.0,1
2012-06-01,INDPROD,188262.0,1
2012-06-01,REFINOBS,469096.0,1
2012-06-01,STATDIFF,-8155.0,3
2012-06-01,TOTEXPSB,1381.0,1
2012-06-01,TOTIMPSB,273024.0,1
2012-07-01,INDPROD,199368.0,1
2012-07-01,REFINOBS,485624.0,1
2012-07-01,STATDIFF,-12416.0,3
2012-07-01,TOTEXPSB,2388.0,1
2012-07-01,TOTIMPSB,266786.0,1
2012-08-01,INDPROD,196867.0,1
2012-08-01,REFINOBS,475062.0,1
2012-08-01,STATDIFF,-7765.0,3
2012-08-01,TOTEXPSB,1866.0,1
2012-08-01,TOTIMPSB,267560.0,1
2012-09-01,INDPROD,197942.0,1
2012-09-01,REFINOBS,447304.0,1
2012-09-01,STATDIFF,-1677.0,3
2012-09-01,TOTEXPSB,1744.0,1
2012-09-01,TOTIMPSB,251264.0,1
2012-10-01,INDPROD,216057.0,1
2012-10-01,REFINOBS,460147.0,1
2012-10-01,STATDIFF,-55.0,3
2012-10-01,TOTEXPSB,2079.0,1
2012-10-01,TOTIMPSB,250835.0,1
2012-11-01,INDPROD,212472.0,1
2012-11-01,REFINOBS,452559.0,1
2012-11-01,STATDIFF,-2034.0,3
2012-11-01,TOTEXPSB,2201.0,1
2012-11-01,TOTIMPSB,243895.0,1
2012-12-01,INDPROD,220282.0,1
2012-12-01,REFINOBS,475237.0,1
2012-12-01,STATDIFF,-11555.0,3
2012-12-01,TOTEXPSB,1788.0,1
2012-12-01,TOTIMPSB,234865.0,1
2013-01-01,INDPROD,219570.0,1
2013-01-01,REFINOBS,451584.0,1
2013-01-01,STATDIFF,3596.0,3
2013-01-01,TOTEXPSB,2248.0,1
2013-01-01,TOTIMPSB,246531.0,1
2013-02-01,INDPROD,200071.0,1
2013-02-01,REFINOBS,398450.0,1
2013-02-01,STATDIFF,-2773.0,3
2013-02-01,TOTEXPSB,3476.0,1
2013-02-01,TOTIMPSB,203551.0,1
2013-03-01,INDPROD,223644.0,1
2013-03-01,REFINOBS,455781.0,1
2013-03-01,STATDIFF,-9530.0,3
2013-03-01,TOTEXPSB,3120.0,1
2013-03-01,TOTIMPSB,231262.0,1
2013-04-01,INDPROD,221205.0,1
2013-04-01,REFINOBS,445933.0,1
2013-04-01,STATDIFF,998.0,3
2013-04-01,TOTEXPSB,3965.0,1
2013-04-01,TOTIMPSB,231793.0,1
2013-05-01,INDPROD,227101.0,1
2013-05-01,REFINOBS,474450.0,1
2013-05-01,STATDIFF,-7405.0,3
2013-05-01,TOTEXPSB,3863.0,1
2013-05-01,TOTIMPSB,239848.0,1
2013-06-01,INDPROD,218314.0,1
2013-06-01,REFINOBS,474991.0,1
2013-06-01,STATDIFF,-17290.0,3
2013-06-01,TOTEXPSB,3591.0,1
2013-06-01,TOTIMPSB,231900.0,1
2013-07-01,INDPROD,233174.0,1
2013-07-01,REFINOBS,497292.0,1
2013-07-01,STATDIFF,-12707.0,3
2013-07-01,TOTEXPSB,3029.0,1
2013-07-01,TOTIMPSB,250207.0,1
2013-08-01,INDPROD,233562.0,1
2013-08-01,REFINOBS,489589.0,1
2013-08-01,STATDIFF,-8061.0,3
2013-08-01,TOTEXPSB,2052.0,1
2013-08-01,TOTIMPSB,251054.0,1
2013-09-01,INDPROD,235142.0,1
2013-09-01,REFINOBS,469074.0,1
2013-09-01,STATDIFF,370.0,3
2013-09-01,TOTEXPSB,2975.0,1
2013-09-01,TOTIMPSB,237344.0,1
2013-10-01,INDPROD,240567.0,1
2013-10-01,REFINOBS,464725.0,1
2013-10-01,STATDIFF,-4214.0,3
2013-10-01,TOTEXPSB,3523.0,1
2013-10-01,TOTIMPSB,231718.0,1
2013-11-01,INDPROD,237565.0,1
2013-11-01,REFINOBS,468989.0,1
2013-11-01,STATDIFF,-10640.0,3
2013-11-01,TOTEXPSB,6058.0,1
2013-11-01,TOTIMPSB,221588.0,1
2013-12-01,INDPROD,245904.0,1
2013-12-01,REFINOBS,498148.0,1
2013-12-01,STATDIFF,-4474.0,3
2013-12-01,TOTEXPSB,5879.0,1
2013-12-01,TOTIMPSB,240529.0,1
2014-01-01,INDPROD,250240.0,1
2014-01-01,REFINOBS,474643.0,1
2014-01-01,STATDIFF,-1748.0,3
2014-01-01,TOTEXPSB,7595.0,1
2014-01-01,TOTIMPSB,235090.0,1
2014-02-01,INDPROD,228166.0,1
2014-02-01,REFINOBS,423572.0,1
2014-02-01,STATDIFF,-6083.0,3
2014-02-01,TOTEXPSB,6722.0,1
2014-02-01,TOTIMPSB,201588.0,1
2014-03-01,INDPROD,257019.0,1
2014-03-01,REFINOBS,468588.0,1
2014-03-01,STATDIFF,-4048.0,3
2014-03-01,TOTEXPSB,7622.0,1
2014-03-01,TOTIMPSB,225184.0,1
2014-04-01,INDPROD,255597.0,1
2014-04-01,REFINOBS,475924.0,1
2014-04-01,STATDIFF,-8659.0,3
2014-04-01,TOTEXPSB,8049.0,1
2014-04-01,TOTIMPSB,226414.0,1
2014-05-01,INDPROD,267731.0,1
2014-05-01,REFINOBS,494312.0,1
2014-05-01,STATDIFF,-12179.0,3
2014-05-01,TOTEXPSB,8938.0,1
2014-05-01,TOTIMPSB,222119.0,1
2014-06-01,INDPROD,262026.0,1
2014-06-01,REFINOBS,474519.0,1
2014-06-01,STATDIFF,-2411.0,3
2014-06-01,TOTEXPSB,11865.0,1
2014-06-01,TOTIMPSB,211632.0,1
2014-07-01,INDPROD,273952.0,1
2014-07-01,REFINOBS,512568.0,1
2014-07-01,STATDIFF,481.0,3
2014-07-01,TOTEXPSB,12428.0,1
2014-07-01,TOTIMPSB,236310.0,1
2014-08-01,INDPROD,276513.0,1
2014-08-01,REFINOBS,510271.0,1
2014-08-01,STATDIFF,-6437.0,3
2014-08-01,TOTEXPSB,12053.0,1
2014-08-01,TOTIMPSB,231604.0,1
2014-09-01,INDPROD,272111.0,1
2014-09-01,REFINOBS,482205.0,1
2014-09-01,STATDIFF,4088.0,3
2014-09-01,TOTEXPSB,10480.0,1
2014-09-01,TOTIMPSB,225232.0,1
2014-10-01,INDPROD,286760.0,1
2014-10-01,REFINOBS,476192.0,1
2014-10-01,STATDIFF,-1020.0,3
2014-10-01,TOTEXPSB,11653.0,1
2014-10-01,TOTIMPSB,221022.0,1
2014-11-01,INDPROD,279200.0,1
2014-11-01,REFINOBS,481303.0,1
2014-11-01,STATDIFF,-3418.0,3
2014-11-01,TOTEXPSB,15053.0,1
2014-11-01,TOTIMPSB,218222.0,1
2014-12-01,INDPROD,295914.0,1
2014-12-01,REFINOBS,510540.0,1
2014-12-01,STATDIFF,-10848.0,3
2014-12-01,TOTEXPSB,13692.0,1
2014-12-01,TOTIMPSB,223494.0,1
2015-01-01,INDPROD,290631.0,1
2015-01-01,REFINOBS,479140.0,1
2015-01-01,STATDIFF,-10102.0,3
2015-01-01,TOTEXPSB,15229.0,1
2015-01-01,TOTIMPSB,221638.0,1
2015-02-01,INDPROD,265886.0,1
2015-02-01,REFINOBS,429564.0,1
2015-02-01,STATDIFF,-2270.0,3
2015-02-01,TOTEXPSB,11984.0,1
2015-02-01,TOTIMPSB,199055.0,1
2015-03-01,INDPROD,296825.0,1
2015-03-01,REFINOBS,484840.0,1
2015-03-01,STATDIFF,6476.0,3
2015-03-01,TOTEXPSB,12935.0,1
2015-03-01,TOTIMPSB,234806.0,1
2015-04-01,INDPROD,289449.0,1
2015-04-01,REFINOBS,488184.0,1
2015-04-01,STATDIFF,-9265.0,3
2015-04-01,TOTEXPSB,17591.0,1
2015-04-01,TOTIMPSB,216229.0,1
2015-05-01,INDPROD,293362.0,1
2015-05-01,REFINOBS,508450.0,1
2015-05-01,STATDIFF,-3955.0,3
2015-05-01,TOTEXPSB,16460.0,1
2015-05-01,TOTIMPSB,224604.0,1
2015-06-01,INDPROD,280425.0,1
2015-06-01,REFINOBS,501034.0,1
2015-06-01,STATDIFF,-6562.0,3
2015-06-01,TOTEXPSB,12916.0,1
2015-06-01,TOTIMPSB,219126.0,1
2015-07-01,INDPROD,292432.0,1
2015-07-01,REFINOBS,523238.0,1
2015-07-01,STATDIFF,-7135.0,3
2015-07-01,TOTEXPSB,16312.0,1
2015-07-01,TOTIMPSB,227255.0,1
2015-08-01,INDPROD,291333.0,1
2015-08-01,REFINOBS,517707.0,1
2015-08-01,STATDIFF,-6346.0,3
2015-08-01,TOTEXPSB,14293.0,1
2015-08-01,TOTIMPSB,236785.0,1
2015-09-01,INDPROD,284079.0,1
2015-09-01,REFINOBS,485028.0,1
2015-09-01,STATDIFF,479.0,3
2015-09-01,TOTEXPSB,12273.0,1
2015-09-01,TOTIMPSB,216669.0,1
2015-10-01,INDPROD,291157.0,1
2015-10-01,REFINOBS,478636.0,1
2015-10-01,STATDIFF,-7955.0,3
2015-10-01,TOTEXPSB,15501.0,1
2015-10-01,TOTIMPSB,220747.0,1
2015-11-01,INDPROD,279779.0,1
2015-11-01,REFINOBS,493741.0,1
2015-11-01,STATDIFF,-2870.0,3
2015-11-01,TOTEXPSB,9596.0,1
2015-11-01,TOTIMPSB,221117.0,1
2015-12-01,INDPROD,287309.0,1
2015-12-01,REFINOBS,518988.0,1
2015-12-01,STATDIFF,7122.0,3
2015-12-01,TOTEXPSB,12167.0,1
2015-12-01,TOTIMPSB,244915.0,1
2016-01-01,INDPROD,285322.0,1
2016-01-01,REFINOBS,494490.0,1
2016-01-01,STATDIFF,-1963.0,3
2016-01-01,TOTEXPSB,11273.0,1
2016-01-01,TOTIMPSB,237910.0,1
2016-02-01,INDPROD,262843.0,1
2016-02-01,REFINOBS,459442.0,1
2016-02-01,STATDIFF,2237.0,3
2016-02-01,TOTEXPSB,10859.0,1
2016-02-01,TOTIMPSB,229402.0,1
2016-03-01,INDPROD,282290.0,1
2016-03-01,REFINOBS,498556.0,1
2016-03-01,STATDIFF,12889.0,3
2016-03-01,TOTEXPSB,15742.0,1
2016-03-01,TOTIMPSB,249300.0,1
2016-04-01,INDPROD,266327.0,1
2016-04-01,REFINOBS,477608.0,1
2016-04-01,STATDIFF,-4680.0,3
2016-04-01,TOTEXPSB,17734.0,1
2016-04-01,TOTIMPSB,229100.0,1
2016-05-01,INDPROD,273959.0,1
2016-05-01,REFINOBS,503341.0,1
2016-05-01,STATDIFF,-6271.0,3
2016-05-01,TOTEXPSB,20511.0,1
2016-05-01,TOTIMPSB,246323.0,1
2016-06-01,INDPROD,260338.0,1
2016-06-01,REFINOBS,492978.0,1
2016-06-01,STATDIFF,-4791.0,3
2016-06-01,TOTEXPSB,11489.0,1
2016-06-01,TOTIMPSB,228320.0,1
2016-07-01,INDPROD,268667.0,1
2016-07-01,REFINOBS,515257.0,1
2016-07-01,STATDIFF,-2474.0,3
2016-07-01,TOTEXPSB,14684.0,1
2016-07-01,TOTIMPSB,250845.0,1
2016-08-01,INDPROD,269463.0,1
2016-08-01,REFINOBS,514394.0,1
2016-08-01,STATDIFF,-9802.0,3
2016-08-01,TOTEXPSB,20371.0,1
2016-08-01,TOTIMPSB,249099.0,1
2016-09-01,INDPROD,256351.0,1
2016-09-01,REFINOBS,490195.0,1
2016-09-01,STATDIFF,-307.0,3
2016-09-01,TOTEXPSB,20764.0,1
2016-09-01,TOTIMPSB,241721.0,1
2016-10-01,INDPROD,273009.0,1
2016-10-01,REFINOBS,479085.0,1
2016-10-01,STATDIFF,-6213.0,3
2016-10-01,TOTEXPSB,15215.0,1
2016-10-01,TOTIMPSB,235827.0,1
2016-11-01,INDPROD,267184.0,1
2016-11-01,REFINOBS,487057.0,1
2016-11-01,STATDIFF,4009.0,3
2016-11-01,TOTEXPSB,17916.0,1
2016-11-01,TOTIMPSB,241606.0,1
2016-12-01,INDPROD,273366.0,1
2016-12-01,REFINOBS,511992.0,1
2016-12-01,STATDIFF,-5569.0,3
2016-12-01,TOTEXPSB,13691.0,1
2016-12-01,TOTIMPSB,243684.0,1
2017-01-01,INDPROD,275075.0,1
2017-01-01,REFINOBS,499665.0,1
2017-01-01,STATDIFF,-6340.0,3
2017-01-01,TOTEXPSB,23126.0,1
2017-01-01,TOTIMPSB,261497.0,1
2017-02-01,INDPROD,255099.0,1
2017-02-01,REFINOBS,433807.0,1
2017-02-01,STATDIFF,-8352.0,3
2017-02-01,TOTEXPSB,31260.0,1
2017-02-01,TOTIMPSB,220930.0,1
2017-03-01,INDPROD,284185.0,1
2017-03-01,REFINOBS,497486.0,1
2017-03-01,STATDIFF,682.0,3
2017-03-01,TOTEXPSB,25846.0,1
2017-03-01,TOTIMPSB,249501.0,1
2017-04-01,INDPROD,273051.0,1
2017-04-01,REFINOBS,508633.0,1
2017-04-01,STATDIFF,-4907.0,3
2017-04-01,TOTEXPSB,30023.0,1
2017-04-01,TOTIMPSB,243922.0,1
2017-05-01,INDPROD,284812.0,1
2017-05-01,REFINOBS,533894.0,1
2017-05-01,STATDIFF,-9197.0,3
2017-05-01,TOTEXPSB,31715.0,1
2017-05-01,TOTIMPSB,260322.0,1
2017-06-01,INDPROD,273338.0,1
2017-06-01,REFINOBS,516122.0,1
2017-06-01,STATDIFF,-4815.0,3
2017-06-01,TOTEXPSB,23592.0,1
2017-06-01,TOTIMPSB,240308.0,1
2017-07-01,INDPROD,286663.0,1
2017-07-01,REFINOBS,536841.0,1
2017-07-01,STATDIFF,-16974.0,3
2017-07-01,TOTEXPSB,27691.0,1
2017-07-01,TOTIMPSB,242580.0,1
2017-08-01,INDPROD,286690.0,1
2017-08-01,REFINOBS,526396.0,1
2017-08-01,STATDIFF,5586.0,3
2017-08-01,TOTEXPSB,23930.0,1
2017-08-01,TOTIMPSB,244595.0,1
2017-09-01,INDPROD,285423.0,1
2017-09-01,REFINOBS,463806.0,1
2017-09-01,STATDIFF,-1334.0,3
2017-09-01,TOTEXPSB,44180.0,1
2017-09-01,TOTIMPSB,218262.0,1
2017-10-01,INDPROD,299707.0,1
2017-10-01,REFINOBS,497897.0,1
2017-10-01,STATDIFF,-247.0,3
2017-10-01,TOTEXPSB,53662.0,1
2017-10-01,TOTIMPSB,235946.0,1
2017-11-01,INDPROD,302592.0,1
2017-11-01,REFINOBS,505188.0,1
2017-11-01,STATDIFF,-5508.0,3
2017-11-01,TOTEXPSB,46022.0,1
2017-11-01,TOTIMPSB,228703.0,1
2017-12-01,INDPROD,309612.0,1
2017-12-01,REFINOBS,535506.0,1
2017-12-01,STATDIFF,-537.0,3
2017-12-01,TOTEXPSB,46955.0,1
2017-12-01,TOTIMPSB,241246.0,1
2018-01-01,INDPROD,310059.0,1
2018-01-01,REFINOBS,514575.0,1
2018-01-01,STATDIFF,3034.0,3
2018-01-01,TOTEXPSB,41588.0,1
2018-01-01,TOTIMPSB,248384.0,1
2018-02-01,INDPROD,287865.0,1
2018-02-01,REFINOBS,446215.0,1
2018-02-01,STATDIFF,1666.0,3
2018-02-01,TOTEXPSB,44944.0,1
2018-02-01,TOTIMPSB,209799.0,1
2018-03-01,INDPROD,324478.0,1
2018-03-01,REFINOBS,516619.0,1
2018-03-01,STATDIFF,-8956.0,3
2018-03-01,TOTEXPSB,51813.0,1
2018-03-01,TOTIMPSB,236086.0,1
2018-04-01,INDPROD,314838.0,1
2018-04-01,REFINOBS,502986.0,1
2018-04-01,STATDIFF,-3602.0,3
2018-04-01,TOTEXPSB,52668.0,1
2018-04-01,TOTIMPSB,247330.0,1
2018-05-01,INDPROD,323388.0,1
2018-05-01,REFINOBS,526031.0,1
2018-05-01,STATDIFF,-16668.0,3
2018-05-01,TOTEXPSB,62165.0,1
2018-05-01,TOTIMPSB,242560.0,1
2018-06-01,INDPROD,319207.0,1
2018-06-01,REFINOBS,529970.0,1
2018-06-01,STATDIFF,-3770.0,3
2018-06-01,TOTEXPSB,66010.0,1
2018-06-01,TOTIMPSB,254407.0,1
2018-07-01,INDPROD,337928.0,1
2018-07-01,REFINOBS,538067.0,1
2018-07-01,STATDIFF,-15275.0,3
2018-07-01,TOTEXPSB,66303.0,1
2018-07-01,TOTIMPSB,246283.0,1
2018-08-01,INDPROD,353226.0,1
2018-08-01,REFINOBS,546310.0,1
2018-08-01,STATDIFF,2510.0,3
2018-08-01,TOTEXPSB,54228.0,1
2018-08-01,TOTIMPSB,248002.0,1
2018-09-01,INDPROD,343383.0,1
2018-09-01,REFINOBS,509726.0,1
2018-09-01,STATDIFF,-9157.0,3
2018-09-01,TOTEXPSB,63470.0,1
2018-09-01,TOTIMPSB,227663.0,1
2018-10-01,INDPROD,356986.0,1
2018-10-01,REFINOBS,508779.0,1
2018-10-01,STATDIFF,-8369.0,3
2018-10-01,TOTEXPSB,72095.0,1
2018-10-01,TOTIMPSB,226679.0,1
2018-11-01,INDPROD,357328.0,1
2018-11-01,REFINOBS,514863.0,1
2018-11-01,STATDIFF,-21983.0,3
2018-11-01,TOTEXPSB,78279.0,1
2018-11-01,TOTIMPSB,224694.0,1
2018-12-01,INDPROD,371522.0,1
2018-12-01,REFINOBS,539691.0,1
2018-12-01,STATDIFF,-18716.0,3
2018-12-01,TOTEXPSB,77843.0,1
2018-12-01,TOTIMPSB,220059.0,1
2019-01-01,INDPROD,368054.0,1
2019-01-01,REFINOBS,520272.0,1
2019-01-01,STATDIFF,-5931.0,3
2019-01-01,TOTEXPSB,79832.0,1
2019-01-01,TOTIMPSB,233126.0,1
2019-02-01,INDPROD,326819.0,1
2019-02-01,REFINOBS,443681.0,1
2019-02-01,STATDIFF,-17256.0,3
2019-02-01,TOTEXPSB,83721.0,1
2019-02-01,TOTIMPSB,186243.0,1
2019-03-01,INDPROD,369203.0,1
2019-03-01,REFINOBS,493975.0,1
2019-03-01,STATDIFF,-1388.0,3
2019-03-01,TOTEXPSB,83197.0,1
2019-03-01,TOTIMPSB,209541.0,1
2019-04-01,INDPROD,364293.0,1
2019-04-01,REFINOBS,490236.0,1
2019-04-01,STATDIFF,-9438.0,3
2019-04-01,TOTEXPSB,85275.0,1
2019-04-01,TOTIMPSB,210741.0,1
2019-05-01,INDPROD,376738.0,1
2019-05-01,REFINOBS,518303.0,1
2019-05-01,STATDIFF,-17721.0,3
2019-05-01,TOTEXPSB,89908.0,1
2019-05-01,TOTIMPSB,221900.0,1
2019-06-01,INDPROD,366642.0,1
2019-06-01,REFINOBS,517074.0,1
2019-06-01,STATDIFF,-14376.0,3
2019-06-01,TOTEXPSB,94775.0,1
2019-06-01,TOTIMPSB,214233.0,1
2019-07-01,INDPROD,368952.0,1
2019-07-01,REFINOBS,532431.0,1
2019-07-01,STATDIFF,-10091.0,3
2019-07-01,TOTEXPSB,83512.0,1
2019-07-01,TOTIMPSB,214988.0,1
2019-08-01,INDPROD,387024.0,1
2019-08-01,REFINOBS,536202.0,1
2019-08-01,STATDIFF,-7052.0,3
2019-08-01,TOTEXPSB,84550.0,1
2019-08-01,TOTIMPSB,215273.0,1
2019-09-01,INDPROD,377681.0,1
2019-09-01,REFINOBS,492093.0,1
2019-09-01,STATDIFF,-3850.0,3
2019-09-01,TOTEXPSB,92754.0,1
2019-09-01,TOTIMPSB,194340.0,1
2019-10-01,INDPROD,396984.0,1
2019-10-01,REFINOBS,486107.0,1
2019-10-01,STATDIFF,-14555.0,3
2019-10-01,TOTEXPSB,104865.0,1
2019-10-01,TOTIMPSB,193544.0,1
2019-11-01,INDPROD,389809.0,1
2019-11-01,REFINOBS,494453.0,1
2019-11-01,STATDIFF,-17360.0,3
2019-11-01,TOTEXPSB,90694.0,1
2019-11-01,TOTIMPSB,174486.0,1
2019-12-01,INDPROD,402393.0,1
2019-12-01,REFINOBS,520569.0,1
2019-12-01,STATDIFF,-6162.0,3
2019-12-01,TOTEXPSB,113731.0,1
2019-12-01,TOTIMPSB,211751.0,1
2020-01-01,INDPROD,398392.0,1
2020-01-01,REFINOBS,503084.0,1
2020-01-01,STATDIFF,-16705.0,3
2020-01-01,TOTEXPSB,100775.0,1
2020-01-01,TOTIMPSB,198663.0,1
2020-02-01,INDPROD,372480.0,1
2020-02-01,REFINOBS,460097.0,1
2020-02-01,STATDIFF,-17471.0,3
2020-02-01,TOTEXPSB,107525.0,1
2020-02-01,TOTIMPSB,189060.0,1
2020-03-01,INDPROD,396682.0,1
2020-03-01,REFINOBS,472144.0,1
2020-03-01,STATDIFF,-19374.0,3
2020-03-01,TOTEXPSB,110263.0,1
2020-03-01,TOTIMPSB,195181.0,1
2020-04-01,INDPROD,357336.0,1
2020-04-01,REFINOBS,383170.0,1
2020-04-01,STATDIFF,-4801.0,3
2020-04-01,TOTEXPSB,92314.0,1
2020-04-01,TOTIMPSB,166309.0,1
2020-05-01,INDPROD,301133.0,1
2020-05-01,REFINOBS,402009.0,1
2020-05-01,STATDIFF,-7344.0,3
2020-05-01,TOTEXPSB,90787.0,1
2020-05-01,TOTIMPSB,188693.0,1
2020-06-01,INDPROD,313381.0,1
2020-06-01,REFINOBS,412031.0,1
2020-06-01,STATDIFF,-8800.0,3
2020-06-01,TOTEXPSB,82585.0,1
2020-06-01,TOTIMPSB,191919.0,1
2020-07-01,INDPROD,341244.0,1
2020-07-01,REFINOBS,444341.0,1
2020-07-01,STATDIFF,-8761.0,3
2020-07-01,TOTEXPSB,100532.0,1
2020-07-01,TOTIMPSB,183087.0,1
2020-08-01,INDPROD,328128.0,1
2020-08-01,REFINOBS,438703.0,1
2020-08-01,STATDIFF,-20884.0,3
2020-08-01,TOTEXPSB,100848.0,1
2020-08-01,TOTIMPSB,168406.0,1
2020-09-01,INDPROD,328025.0,1
2020-09-01,REFINOBS,407386.0,1
2020-09-01,STATDIFF,-2348.0,3
2020-09-01,TOTEXPSB,97149.0,1
2020-09-01,TOTIMPSB,161926.0,1
2020-10-01,INDPROD,324544.0,1
2020-10-01,REFINOBS,418020.0,1
2020-10-01,STATDIFF,-11539.0,3
2020-10-01,TOTEXPSB,90260.0,1
2020-10-01,TOTIMPSB,164494.0,1
2020-11-01,INDPROD,336286.0,1
2020-11-01,REFINOBS,425772.0,1
2020-11-01,STATDIFF,-8947.0,3
2020-11-01,TOTEXPSB,81771.0,1
2020-11-01,TOTIMPSB,168655.0,1
2020-12-01,INDPROD,346553.0,1
2020-12-01,REFINOBS,440322.0,1
2020-12-01,STATDIFF,-3333.0,3
2020-12-01,TOTEXPSB,104515.0,1
2020-12-01,TOTIMPSB,178597.0,1
2021-01-01,INDPROD,345713.0,1
2021-01-01,REFINOBS,453387.0,1
2021-01-01,STATDIFF,-24700.0,3
2021-01-01,TOTEXPSB,95345.0,1
2021-01-01,TOTIMPSB,181197.0,1
2021-02-01,INDPROD,278271.0,1
2021-02-01,REFINOBS,349461.0,1
2021-02-01,STATDIFF,-5679.0,3
2021-02-01,TOTEXPSB,74242.0,1
2021-02-01,TOTIMPSB,157380.0,1
2021-03-01,INDPROD,352545.0,1
2021-03-01,REFINOBS,448524.0,1
2021-03-01,STATDIFF,-3522.0,3
2021-03-01,TOTEXPSB,81053.0,1
2021-03-01,TOTIMPSB,179778.0,1
2021-04-01,INDPROD,340585.0,1
2021-04-01,REFINOBS,457709.0,1
2021-04-01,STATDIFF,-23550.0,3
2021-04-01,TOTEXPSB,97101.0,1
2021-04-01,TOTIMPSB,174661.0,1
2021-05-01,INDPROD,354103.0,1
2021-05-01,REFINOBS,483466.0,1
2021-05-01,STATDIFF,-11670.0,3
2021-05-01,TOTEXPSB,84115.0,1
2021-05-01,TOTIMPSB,181932.0,1
2021-06-01,INDPROD,341813.0,1
2021-06-01,REFINOBS,485707.0,1
2021-06-01,STATDIFF,-12403.0,3
2021-06-01,TOTEXPSB,104625.0,1
2021-06-01,TOTIMPSB,199427.0,1
2021-07-01,INDPROD,353905.0,1
2021-07-01,REFINOBS,491407.0,1
2021-07-01,STATDIFF,-12370.0,3
2021-07-01,TOTEXPSB,83692.0,1
2021-07-01,TOTIMPSB,198242.0,1
2021-08-01,INDPROD,350736.0,1
2021-08-01,REFINOBS,487506.0,1
2021-08-01,STATDIFF,-19102.0,3
2021-08-01,TOTEXPSB,95348.0,1
2021-08-01,TOTIMPSB,193332.0,1
2021-09-01,INDPROD,328715.0,1
2021-09-01,REFINOBS,456950.0,1
2021-09-01,STATDIFF,-7236.0,3
2021-09-01,TOTEXPSB,79995.0,1
2021-09-01,TOTIMPSB,195784.0,1
2021-10-01,INDPROD,360746.0,1
2021-10-01,REFINOBS,466406.0,1
2021-10-01,STATDIFF,-19579.0,3
2021-10-01,TOTEXPSB,89907.0,1
2021-10-01,TOTIMPSB,185112.0,1
2021-11-01,INDPROD,356024.0,1
2021-11-01,REFINOBS,470519.0,1
2021-11-01,STATDIFF,-6001.0,3
2021-11-01,TOTEXPSB,93311.0,1
2021-11-01,TOTIMPSB,190010.0,1
2021-12-01,INDPROD,364322.0,1
2021-12-01,REFINOBS,488464.0,1
2021-12-01,STATDIFF,-12620.0,3
2021-12-01,TOTEXPSB,107881.0,1
2021-12-01,TOTIMPSB,199068.0,1
2022-01-01,INDPROD,354716.0,1
2022-01-01,REFINOBS,479498.0,1
2022-01-01,STATDIFF,-18154.0,3
2022-01-01,TOTEXPSB,103759.0,1
2022-01-01,TOTIMPSB,197873.0,1
2022-02-01,INDPROD,321080.0,1
2022-02-01,REFINOBS,431124.0,1
2022-02-01,STATDIFF,-15779.0,3
2022-02-01,TOTEXPSB,92653.0,1
2022-02-01,TOTIMPSB,172325.0,1
2022-03-01,INDPROD,368134.0,1
2022-03-01,REFINOBS,491251.0,1
2022-03-01,STATDIFF,-8647.0,3
2022-03-01,TOTEXPSB,102883.0,1
2022-03-01,TOTIMPSB,198883.0,1
2022-04-01,INDPROD,354365.0,1
2022-04-01,REFINOBS,469449.0,1
2022-04-01,STATDIFF,-17024.0,3
2022-04-01,TOTEXPSB,97178.0,1
2022-04-01,TOTIMPSB,181770.0,1
2022-05-01,INDPROD,363992.0,1
2022-05-01,REFINOBS,503402.0,1
2022-05-01,STATDIFF,-25468.0,3
2022-05-01,TOTEXPSB,106708.0,1
2022-05-01,TOTIMPSB,191050.0,1
2022-06-01,INDPROD,357385.0,1
2022-06-01,REFINOBS,497130.0,1
2022-06-01,STATDIFF,-27840.0,3
2022-06-01,TOTEXPSB,107154.0,1
2022-06-01,TOTIMPSB,194195.0,1
2022-07-01,INDPROD,371739.0,1
2022-07-01,REFINOBS,507098.0,1
2022-07-01,STATDIFF,-29701.0,3
2022-07-01,TOTEXPSB,117665.0,1
2022-07-01,TOTIMPSB,204719.0,1
2022-08-01,INDPROD,375798.0,1
2022-08-01,REFINOBS,509258.0,1
2022-08-01,STATDIFF,-22136.0,3
2022-08-01,TOTEXPSB,113235.0,1
2022-08-01,TOTIMPSB,196232.0,1
2022-09-01,INDPROD,373159.0,1
2022-09-01,REFINOBS,484236.0,1
2022-09-01,STATDIFF,-8597.0,3
2022-09-01,TOTEXPSB,105163.0,1
2022-09-01,TOTIMPSB,188048.0,1
2022-10-01,INDPROD,385369.0,1
2022-10-01,REFINOBS,489050.0,1
2022-10-01,STATDIFF,-31849.0,3
2022-10-01,TOTEXPSB,128530.0,1
2022-10-01,TOTIMPSB,193347.0,1
2022-11-01,INDPROD,374003.0,1
2022-11-01,REFINOBS,493514.0,1
2022-11-01,STATDIFF,-20243.0,3
2022-11-01,TOTEXPSB,121265.0,1
2022-11-01,TOTIMPSB,187292.0,1
2022-12-01,INDPROD,377429.0,1
2022-12-01,REFINOBS,476685.0,1
2022-12-01,STATDIFF,-29812.0,3
2022-12-01,TOTEXPSB,119432.0,1
2022-12-01,TOTIMPSB,185694.0,1
2023-01-01,INDPROD,390928.0,1
2023-01-01,REFINOBS,467683.0,1
2023-01-01,STATDIFF,-19592.0,3
2023-01-01,TOTEXPSB,108933.0,1
2023-01-01,TOTIMPSB,195607.0,1
2023-02-01,INDPROD,352534.0,1
2023-02-01,REFINOBS,423517.0,1
2023-02-01,STATDIFF,-10779.0,3
2023-02-01,TOTEXPSB,111934.0,1
2023-02-01,TOTIMPSB,184689.0,1
2023-03-01,INDPROD,397280.0,1
2023-03-01,REFINOBS,480888.0,1
2023-03-01,STATDIFF,-32997.0,3
2023-03-01,TOTEXPSB,150234.0,1
2023-03-01,TOTIMPSB,196086.0,1
2023-04-01,INDPROD,380410.0,1
2023-04-01,REFINOBS,475195.0,1
2023-04-01,STATDIFF,-16232.0,3
2023-04-01,TOTEXPSB,120269.0,1
2023-04-01,TOTIMPSB,185821.0,1
2023-05-01,INDPROD,394619.0,1
2023-05-01,REFINOBS,502666.0,1
2023-05-01,STATDIFF,-16529.0,3
2023-05-01,TOTEXPSB,117467.0,1
2023-05-01,TOTIMPSB,200556.0,1
2023-06-01,INDPROD,385967.0,1
2023-06-01,REFINOBS,492184.0,1
2023-06-01,STATDIFF,-12731.0,3
2023-06-01,TOTEXPSB,114618.0,1
2023-06-01,TOTIMPSB,194814.0,1
2023-07-01,INDPROD,400994.0,1
2023-07-01,REFINOBS,515467.0,1
2023-07-01,STATDIFF,-23796.0,3
2023-07-01,TOTEXPSB,118874.0,1
2023-07-01,TOTIMPSB,194899.0,1
2023-08-01,INDPROD,404469.0,1
2023-08-01,REFINOBS,517374.0,1
2023-08-01,STATDIFF,-4088.0,3
2023-08-01,TOTEXPSB,128387.0,1
2023-08-01,TOTIMPSB,217594.0,1
2023-09-01,INDPROD,395300.0,1
2023-09-01,REFINOBS,487179.0,1
2023-09-01,STATDIFF,-18494.0,3
2023-09-01,TOTEXPSB,124719.0,1
2023-09-01,TOTIMPSB,199206.0,1
2023-10-01,INDPROD,407615.0,1
2023-10-01,REFINOBS,476064.0,1
2023-10-01,STATDIFF,-14331.0,3
2023-10-01,TOTEXPSB,127468.0,1
2023-10-01,TOTIMPSB,190192.0,1
2023-11-01,INDPROD,398433.0,1
2023-11-01,REFINOBS,478115.0,1
2023-11-01,STATDIFF,-7375.0,3
2023-11-01,TOTEXPSB,119019.0,1
2023-11-01,TOTIMPSB,208036.0,1
2023-12-01,INDPROD,412547.0,1
2023-12-01,REFINOBS,511557.0,1
2023-12-01,STATDIFF,-27762.0,3
2023-12-01,TOTEXPSB,140332.0,1
2023-12-01,TOTIMPSB,198926.0,1
