month,us_stock_t_kb,us_stock_t1_actual_kb,us_production_kb,us_demand_kb,us_imports_kb,us_exports_kb,us_reported_stock_change_kb,us_fundamental_balance_kb,us_identity_stock_t1_kb,us_identity_error_kb,us_regression_stock_t1_kb,us_regression_stock_change_kb,us_regression_error_kb,us_cv_regression_stock_t1_kb,us_cv_regression_error_kb,padd_count,jodi_demand_kb,jodi_exports_kb,jodi_imports_kb,jodi_production_kb,jodi_reported_stock_change_kb,jodi_statistical_difference_kb,jodi_stock_kb,jodi_fundamental_balance_kb,jodi_identity_stock_t1_kb,eia_minus_jodi_stock_kb,eia_minus_jodi_production_kb,eia_minus_jodi_demand_kb,eia_minus_jodi_imports_kb,eia_minus_jodi_exports_kb
2007-01-01,995938.0,988891.0,158342.0,464739.0,316538.0,294.0,11514.0,9847.0,1005785.0,-16894.0,1000479.3519768215,4541.351976821599,-11588.3519768216,,,5,464739.0,294.0,315967.0,158342.0,11093.0,,906974.0,9276.0,916250.0,88964.0,0.0,0.0,571.0,0.0
2007-02-01,988891.0,1002143.0,143301.0,404184.0,252238.0,703.0,-7047.0,-9348.0,979543.0,22600.0,993237.1524596683,4346.152459668423,8905.847540331577,,,5,404184.0,703.0,253372.0,143301.0,-4130.0,,902844.0,-8214.0,894630.0,86047.0,0.0,0.0,-1134.0,0.0
2007-03-01,1002143.0,1014183.0,158697.0,460039.0,321781.0,1047.0,13252.0,19392.0,1021535.0,-7352.0,1004213.7743268613,2070.7743268613212,9969.225673138679,,,5,460039.0,1047.0,320793.0,158697.0,9199.0,,912043.0,18404.0,930447.0,90100.0,0.0,0.0,988.0,0.0
2007-04-01,1014183.0,1026358.0,155406.0,451360.0,304815.0,573.0,12040.0,8288.0,1022471.0,3887.0,1016687.9070827484,2504.9070827484866,9670.092917251513,,,5,451360.0,573.0,305431.0,155407.0,8273.0,,920316.0,8905.0,929221.0,93867.0,-1.0,0.0,-616.0,0.0
2007-05-01,1026358.0,1027223.0,161547.0,476790.0,320168.0,1117.0,12175.0,3808.0,1030166.0,-2943.0,1026593.9120289042,235.91202890410932,629.0879710958907,,,5,476790.0,1117.0,319040.0,161548.0,8732.0,,929048.0,2681.0,931729.0,97310.0,-1.0,0.0,1128.0,0.0
2007-06-01,1027223.0,1009750.0,152255.0,457432.0,300437.0,1565.0,865.0,-6305.0,1020918.0,-11168.0,1027052.4627329889,-170.53726701119194,-17302.46273298881,,,5,457432.0,1565.0,299477.0,152254.0,2360.0,,931408.0,-7266.0,924142.0,95815.0,1.0,0.0,960.0,0.0
2007-07-01,1009750.0,993907.0,156176.0,485807.0,308120.0,823.0,-17473.0,-22334.0,987416.0,6491.0,1006605.5212554373,-3144.4787445627117,-12698.521255437288,,,5,485807.0,822.0,306950.0,156175.0,-13712.0,,917696.0,-23504.0,894192.0,92054.0,1.0,0.0,1170.0,1.0
2007-08-01,993907.0,986844.0,154061.0,486242.0,319805.0,1308.0,-15843.0,-13684.0,980223.0,6621.0,991915.9366049853,-1991.0633950147458,-5071.936604985254,,,5,486242.0,1307.0,318808.0,154060.0,-10153.0,,907543.0,-14681.0,892862.0,86364.0,1.0,0.0,997.0,1.0
2007-09-01,986844.0,984162.0,147060.0,456777.0,309200.0,1013.0,-7063.0,-1530.0,985314.0,-1152.0,988292.8466859959,1448.8466859959062,-4130.846685995906,,,5,456777.0,1013.0,309442.0,147061.0,-865.0,,906678.0,-1287.0,905391.0,80166.0,-1.0,0.0,-242.0,0.0
2007-10-01,984162.0,977683.0,155680.0,462926.0,303317.0,337.0,-2682.0,-4266.0,979896.0,-2213.0,984183.1463709059,21.146370905920776,-6500.146370905921,,,5,462926.0,337.0,303052.0,155680.0,-2738.0,,903940.0,-4531.0,899409.0,80222.0,0.0,0.0,265.0,0.0
2007-11-01,977683.0,965334.0,151020.0,454535.0,300115.0,603.0,-6479.0,-4003.0,973680.0,-8346.0,979251.8405067858,1568.8405067857075,-13917.840506785707,,,5,454535.0,603.0,299338.0,151021.0,-3034.0,,900906.0,-4779.0,896127.0,76777.0,-1.0,0.0,777.0,0.0
2007-12-01,965334.0,977076.0,158428.0,471266.0,304870.0,625.0,-12349.0,-8593.0,956741.0,20335.0,966806.6152538144,1472.6152538143615,10269.384746185639,,,5,471266.0,626.0,304500.0,158427.0,-10664.0,,890242.0,-8965.0,881277.0,75092.0,1.0,0.0,370.0,-1.0
2008-01-01,977076.0,983449.0,158567.0,458931.0,312536.0,363.0,11742.0,11809.0,988885.0,-5436.0,981412.2746770681,4336.274677068039,2036.7253229319613,,,5,458931.0,364.0,312536.0,158566.0,9583.0,,899825.0,11807.0,911632.0,77251.0,1.0,0.0,0.0,-1.0
2008-02-01,983449.0,997590.0,149297.0,424130.0,279439.0,578.0,6373.0,4028.0,987477.0,10113.0,989114.895861797,5665.8958617970275,8475.104138202973,,,5,424130.0,578.0,279439.0,149297.0,3737.0,,903562.0,4028.0,907590.0,79887.0,0.0,0.0,0.0,0.0
2008-03-01,997590.0,1003707.0,160868.0,445289.0,298712.0,911.0,14141.0,13380.0,1010970.0,-7263.0,1002825.411977486,5235.411977486094,881.5880225139063,,,5,445289.0,910.0,298712.0,160868.0,11100.0,,914662.0,13381.0,928043.0,82928.0,0.0,0.0,0.0,1.0
2008-04-01,1003707.0,990403.0,155404.0,443966.0,299373.0,420.0,6117.0,10391.0,1014098.0,-23695.0,1006633.0893274294,2926.0893274294212,-16230.089327429421,,,5,443966.0,419.0,299373.0,155403.0,4559.0,,919221.0,10391.0,929612.0,84486.0,1.0,0.0,0.0,1.0
2008-05-01,990403.0,984209.0,159436.0,473155.0,299584.0,581.0,-13304.0,-14716.0,975687.0,8522.0,988950.7177864515,-1452.2822135486003,-4741.7177864514,,,5,473155.0,581.0,299584.0,159437.0,-8644.0,,910577.0,-14715.0,895862.0,79826.0,-1.0,0.0,0.0,0.0
2008-06-01,984209.0,985063.0,154133.0,462522.0,300528.0,658.0,-6194.0,-8519.0,975690.0,9373.0,984541.1971423987,332.19714239860514,521.8028576013949,,,5,462522.0,659.0,300528.0,154133.0,-4721.0,,905856.0,-8520.0,897336.0,78353.0,0.0,0.0,0.0,-1.0
2008-07-01,985063.0,992226.0,160482.0,472919.0,314092.0,894.0,854.0,761.0,985824.0,6402.0,986212.6448021422,1149.6448021422875,6013.3551978577125,,,5,472919.0,894.0,314092.0,160481.0,318.0,,906174.0,760.0,906934.0,78889.0,1.0,0.0,0.0,0.0
2008-08-01,992226.0,988897.0,155091.0,463366.0,320049.0,1234.0,7163.0,10540.0,1002766.0,-13869.0,997542.1692480341,5316.1692480341135,-8645.169248034113,,,5,463366.0,1234.0,320049.0,155092.0,5247.0,,911421.0,10541.0,921962.0,80805.0,-1.0,0.0,0.0,0.0
2008-09-01,988897.0,996991.0,119208.0,382781.0,253396.0,1173.0,-3329.0,-11350.0,977547.0,19444.0,995742.7878321179,6845.7878321177905,1248.2121678822095,,,5,382781.0,1173.0,253396.0,119208.0,-4418.0,,907003.0,-11350.0,895653.0,81894.0,0.0,0.0,0.0,0.0
2008-10-01,996991.0,1005839.0,146869.0,451125.0,312681.0,1321.0,8094.0,7104.0,1004095.0,1744.0,997982.6723421438,991.6723421438346,7856.327657856165,,,5,451125.0,1321.0,312681.0,146868.0,4344.0,,911347.0,7103.0,918450.0,85644.0,1.0,0.0,0.0,0.0
2008-11-01,1005839.0,1010068.0,152343.0,438184.0,298309.0,916.0,8848.0,11552.0,1017391.0,-7323.0,1010311.4231797068,4472.423179706786,-243.42317970678596,1010328.5851384975,-260.5851384974885,5,438184.0,916.0,298309.0,152343.0,4048.0,,915395.0,11552.0,926947.0,90444.0,0.0,0.0,0.0,0.0
2008-12-01,1010068.0,1036940.0,158184.0,444919.0,291995.0,1413.0,4229.0,3847.0,1013915.0,23025.0,1011297.7427995547,1229.7427995547387,25642.257200445263,1012723.326749023,24216.67325097687,5,444919.0,1413.0,291995.0,158183.0,-415.0,,914980.0,3846.0,918826.0,95088.0,1.0,0.0,0.0,0.0
2009-01-01,1036940.0,1044826.0,159468.0,438531.0,303136.0,1121.0,26872.0,22952.0,1059892.0,-15066.0,1040208.4446610354,3268.4446610353352,4617.555338964665,1037988.3280307942,6837.671969205841,5,438531.0,1122.0,305416.0,159467.0,20676.0,4554.0,935656.0,25230.0,960886.0,101284.0,1.0,0.0,-2280.0,-1.0
2009-02-01,1044826.0,1061228.0,146698.0,395745.0,254061.0,832.0,7886.0,4182.0,1049008.0,12220.0,1047909.0732810758,3083.0732810758473,13318.926718924153,1038718.1899703959,22509.810029604094,5,395745.0,833.0,257735.0,146698.0,3167.0,4688.0,938823.0,7855.0,946678.0,106003.0,0.0,0.0,-3674.0,-1.0
2009-03-01,1061228.0,1070957.0,161776.0,437672.0,290728.0,943.0,16402.0,13889.0,1075117.0,-4160.0,1062708.04111047,1480.0411104698978,8248.958889530102,1050442.488736135,20514.51126386522,5,437672.0,943.0,292664.0,161776.0,14748.0,1077.0,953571.0,15825.0,969396.0,107657.0,0.0,0.0,-1936.0,0.0
2009-04-01,1070957.0,1062804.0,158344.0,431469.0,281218.0,798.0,9729.0,7295.0,1078252.0,-15448.0,1070821.0251803326,-135.97481966753003,-8017.02518033247,1054089.2708392264,8714.729160773557,5,431469.0,799.0,282185.0,158344.0,6609.0,1652.0,960180.0,8261.0,968441.0,110777.0,0.0,0.0,-967.0,-1.0
2009-05-01,1062804.0,1052755.0,166684.0,448961.0,272716.0,1633.0,-8153.0,-11194.0,1051610.0,1145.0,1063279.6274135744,475.6274135743697,-10524.62741357437,1043347.2524404785,9407.747559521473,5,448961.0,1634.0,276869.0,166684.0,-2450.0,-4592.0,957730.0,-7042.0,950688.0,105074.0,0.0,0.0,-4153.0,-1.0
2009-06-01,1052755.0,1051308.0,158079.0,445507.0,274054.0,1699.0,-10049.0,-15073.0,1037682.0,13626.0,1053655.0800258555,900.0800258554955,-2347.0800258554955,1036961.278169584,14346.721830416009,5,445507.0,1698.0,275160.0,158079.0,-6009.0,-7957.0,951721.0,-13966.0,937755.0,101034.0,0.0,0.0,-1106.0,1.0
2009-07-01,1051308.0,1041638.0,167336.0,453727.0,281911.0,970.0,-1447.0,-5450.0,1045858.0,-4220.0,1053168.9819505038,1860.9819505037467,-11530.981950503747,1041113.7165824178,524.2834175821954,5,453727.0,971.0,286024.0,167336.0,-1975.0,637.0,949746.0,-1338.0,948408.0,101562.0,0.0,0.0,-4113.0,-1.0
2009-08-01,1041638.0,1042160.0,167945.0,452372.0,273235.0,1092.0,-9670.0,-12284.0,1029354.0,12806.0,1042309.5461979952,671.5461979952615,-149.54619799526154,1029680.1451098223,12479.85489017775,5,452372.0,1091.0,275371.0,167945.0,-5328.0,-4819.0,944418.0,-10147.0,934271.0,97220.0,0.0,0.0,-2136.0,1.0
2009-09-01,1042160.0,1039490.0,166766.0,441304.0,277619.0,1266.0,522.0,1815.0,1043975.0,-4485.0,1046422.5810601133,4262.581060113249,-6932.581060113249,1034631.7336993587,4858.266300641322,5,441304.0,1265.0,276701.0,166765.0,162.0,735.0,944580.0,897.0,945477.0,97580.0,1.0,0.0,918.0,1.0
2009-10-01,1039490.0,1044975.0,171257.0,436954.0,265536.0,2240.0,-2670.0,-2401.0,1037089.0,7886.0,1043643.3981892879,4153.398189287855,1331.6018107121454,1032306.1865354986,12668.813464501414,5,436954.0,2241.0,265536.0,171258.0,-1309.0,-1092.0,943271.0,-2401.0,940870.0,96219.0,-1.0,0.0,0.0,-1.0
2009-11-01,1044975.0,1033756.0,161838.0,416928.0,262201.0,1365.0,5485.0,5746.0,1050721.0,-16965.0,1048416.2950993541,3441.29509935408,-14660.29509935408,1042580.33978061,-8824.339780610047,5,416928.0,1365.0,261269.0,161838.0,4491.0,323.0,947762.0,4814.0,952576.0,97213.0,0.0,0.0,932.0,0.0
2009-12-01,1033756.0,1042716.0,169003.0,433486.0,253260.0,2022.0,-11219.0,-13245.0,1020511.0,22205.0,1037554.6730682685,3798.6730682683574,5161.326931731643,1033701.1428581295,9014.857141870512,5,433486.0,2022.0,252128.0,169004.0,-7955.0,-6421.0,939807.0,-14376.0,925431.0,93949.0,-1.0,0.0,1132.0,0.0
2010-01-01,1042716.0,1048983.0,167528.0,423661.0,263249.0,1008.0,8960.0,6108.0,1048824.0,159.0,1050522.2032086502,7806.203208650133,-1539.203208650133,1043718.5782626348,5264.421737365126,5,423661.0,1008.0,262083.0,167529.0,3101.0,1842.0,942908.0,4943.0,947851.0,99808.0,-1.0,0.0,1166.0,0.0
2010-02-01,1048983.0,1065046.0,155495.0,390593.0,245302.0,1622.0,6267.0,8582.0,1057565.0,7481.0,1057613.3634679837,8630.363467983683,7432.636532016317,1049197.326902469,15848.673097531058,5,390593.0,1621.0,243044.0,155496.0,3374.0,2952.0,946282.0,6326.0,952608.0,102701.0,-1.0,0.0,2258.0,1.0
2010-03-01,1065046.0,1069234.0,170977.0,443724.0,289582.0,1394.0,16063.0,15441.0,1080487.0,-11253.0,1068346.0243918041,3300.0243918041015,887.9756081958985,1056549.5762908708,12684.423709129185,5,443724.0,1395.0,288060.0,170976.0,11019.0,2898.0,957301.0,13917.0,971218.0,107745.0,1.0,0.0,1522.0,-1.0
2010-04-01,1069234.0,1067876.0,161769.0,453925.0,291766.0,1095.0,4188.0,-1485.0,1067749.0,127.0,1067712.4865664057,-1521.513433594253,163.513433594253,1052097.9837717484,15778.016228251687,5,453925.0,1095.0,292219.0,161769.0,2886.0,-3918.0,960187.0,-1032.0,959155.0,109047.0,0.0,0.0,-453.0,0.0
2010-05-01,1067876.0,1071579.0,167426.0,471668.0,299304.0,1122.0,-1358.0,-6060.0,1061816.0,9763.0,1063818.6463467656,-4057.353653234457,7760.353653234457,1048035.9426827182,23543.05731728178,5,471668.0,1121.0,298275.0,167427.0,-2079.0,-5008.0,958108.0,-7087.0,951021.0,109768.0,-1.0,0.0,1029.0,1.0
2010-06-01,1071579.0,1063603.0,161384.0,461454.0,297814.0,937.0,3703.0,-3193.0,1068386.0,-4783.0,1068502.4192714856,-3076.5807285143183,-4899.419271485682,1053774.1221904892,9828.877809510654,5,461454.0,937.0,304385.0,161385.0,4203.0,-824.0,962311.0,3379.0,965690.0,109268.0,-1.0,0.0,-6571.0,0.0
2010-07-01,1063603.0,1065300.0,164234.0,481087.0,307894.0,2141.0,-7976.0,-11100.0,1052503.0,12797.0,1059568.2916541188,-4034.708345881245,5731.708345881245,1046596.5030691811,18703.496930818932,5,481087.0,2140.0,306587.0,164234.0,-5365.0,-7041.0,956946.0,-12406.0,944540.0,106657.0,0.0,0.0,1307.0,1.0
2010-08-01,1065300.0,1068831.0,168867.0,468408.0,295837.0,1112.0,1697.0,-4816.0,1060484.0,8347.0,1064461.022303499,-838.977696500926,4369.977696500926,1063446.9490349991,5384.050965000761,5,468408.0,1113.0,294057.0,168867.0,163.0,-6760.0,957109.0,-6597.0,950512.0,108191.0,0.0,0.0,1780.0,-1.0
2010-09-01,1068831.0,1073380.0,168473.0,442204.0,276863.0,1839.0,3531.0,1293.0,1070124.0,3256.0,1070170.1240337833,1339.1240337834588,3209.875966216541,1069079.7977508237,4300.20224917642,5,442204.0,1838.0,275038.0,168473.0,821.0,-1352.0,957930.0,-531.0,957399.0,110901.0,0.0,0.0,1825.0,1.0
2010-10-01,1073380.0,1057989.0,174548.0,434001.0,264726.0,728.0,4549.0,4545.0,1077925.0,-19936.0,1074166.6559260804,786.6559260804224,-16177.655926080422,1076126.3745840236,-18137.37458402354,5,434001.0,728.0,263173.0,174547.0,4595.0,-1604.0,962525.0,2991.0,965516.0,110855.0,1.0,0.0,1553.0,0.0
2010-11-01,1057989.0,1038627.0,167271.0,439110.0,260966.0,953.0,-15391.0,-11826.0,1046163.0,-7536.0,1056417.7024230405,-1571.2975769595141,-17790.702423040486,1059465.940065029,-20838.94006502917,5,439110.0,953.0,258227.0,167272.0,-10855.0,-3709.0,951670.0,-14564.0,937106.0,106319.0,-1.0,0.0,2739.0,0.0
2010-12-01,1038627.0,1050002.0,173832.0,464259.0,269553.0,1249.0,-19362.0,-22123.0,1016504.0,33498.0,1037153.6341228465,-1473.3658771533974,12848.365877153397,1042838.4786793368,7163.521320663229,5,464259.0,1249.0,267553.0,173831.0,-11433.0,-12691.0,940237.0,-24124.0,916113.0,98390.0,1.0,0.0,2000.0,0.0
2011-01-01,1050002.0,1053356.0,170392.0,447107.0,284678.0,2228.0,11375.0,5735.0,1055737.0,-2381.0,1052490.637883068,2488.637883068117,865.3621169318831,1056939.313854971,-3583.3138549710347,5,447107.0,2228.0,281139.0,170393.0,9109.0,-6912.0,949346.0,2197.0,951543.0,100656.0,-1.0,0.0,3539.0,0.0
2011-02-01,1053356.0,1064963.0,151354.0,382929.0,229140.0,847.0,3354.0,-3282.0,1050074.0,14889.0,1057804.7941077843,4448.79410778431,7158.20589221569,1063749.937776962,1213.0622230380068,5,382929.0,847.0,224364.0,151354.0,-303.0,-7755.0,949043.0,-8058.0,940985.0,104313.0,0.0,0.0,4776.0,0.0
2011-03-01,1064963.0,1070955.0,174157.0,447988.0,284677.0,1126.0,11607.0,9720.0,1074683.0,-3728.0,1065619.5379480792,656.537948079038,5335.462051920962,1068482.8162767708,2472.183723229131,5,447988.0,1126.0,280016.0,174158.0,10441.0,-5381.0,959484.0,5060.0,964544.0,105479.0,-1.0,0.0,4661.0,0.0
2011-04-01,1070955.0,1072614.0,166858.0,426917.0,265167.0,1226.0,5992.0,3882.0,1074837.0,-2223.0,1071424.985060182,469.98506018198896,1189.014939818011,1074531.6319106156,-1917.631910615688,5,426917.0,1227.0,261437.0,166858.0,4188.0,-4037.0,963672.0,151.0,963823.0,107283.0,0.0,0.0,3730.0,-1.0
2011-05-01,1072614.0,1060230.0,174364.0,456252.0,280840.0,1147.0,1659.0,-2195.0,1070419.0,-10189.0,1070377.5832232663,-2236.416776733715,-10147.583223266285,1073045.5141846116,-12815.514184611637,5,456252.0,1148.0,278630.0,174363.0,881.0,-5288.0,964553.0,-4407.0,960146.0,108061.0,1.0,0.0,2210.0,-1.0
2011-06-01,1060230.0,1042507.0,167673.0,458825.0,277050.0,1067.0,-12384.0,-15169.0,1045061.0,-2554.0,1055976.3453313708,-4253.654668629222,-13469.345331370778,1058355.650540088,-15848.650540088078,5,458825.0,1066.0,277419.0,167673.0,-5831.0,-8968.0,958722.0,-14799.0,943923.0,101508.0,0.0,0.0,-369.0,1.0
2011-07-01,1042507.0,1021273.0,168636.0,483271.0,287563.0,2262.0,-17723.0,-29334.0,1013173.0,8100.0,1037578.5023279169,-4928.497672083062,-16305.502327916938,1042033.0767359913,-20760.07673599129,5,483271.0,2263.0,288602.0,168635.0,-16132.0,-12165.0,942590.0,-28297.0,914293.0,99917.0,1.0,0.0,-1039.0,-1.0
2011-08-01,1021273.0,1004196.0,175617.0,482239.0,277006.0,1046.0,-21234.0,-30662.0,990611.0,13585.0,1016659.9579777835,-4613.0420222164485,-12463.957977783552,1027774.2626863276,-23578.262686327525,5,482239.0,1047.0,279664.0,175618.0,-20039.0,-7965.0,922551.0,-28004.0,894547.0,98722.0,-1.0,0.0,-2658.0,-1.0
2011-09-01,1004196.0,1010873.0,168412.0,458248.0,267410.0,1065.0,-17077.0,-23491.0,980705.0,30168.0,1002334.6631279065,-1861.3368720934668,8538.336872093467,1016465.1811487904,-5592.181148790492,5,458248.0,1065.0,270173.0,168411.0,-13239.0,-7490.0,909312.0,-20729.0,888583.0,94884.0,1.0,0.0,-2763.0,0.0
2011-10-01,1010873.0,1010553.0,182977.0,451659.0,276125.0,1568.0,6677.0,5875.0,1016748.0,-6195.0,1013711.1204733662,2838.1204733662835,-3158.1204733662835,1028486.3272766899,-17933.327276690015,5,451659.0,1568.0,279885.0,182977.0,6453.0,3182.0,915765.0,9635.0,925400.0,95108.0,0.0,0.0,-3760.0,0.0
2011-11-01,1010553.0,1004172.0,181157.0,448802.0,261729.0,1928.0,-320.0,-7844.0,1002709.0,1463.0,1010194.2536522404,-358.7463477595975,-6022.2536522404025,1025264.6251484526,-21092.62514845257,5,448802.0,1928.0,264793.0,181157.0,-1821.0,-2959.0,913944.0,-4780.0,909164.0,96609.0,0.0,0.0,-3064.0,0.0
2011-12-01,1004172.0,1013833.0,189486.0,460110.0,270037.0,1645.0,-6381.0,-2232.0,1001940.0,11893.0,1004129.0726191906,-42.927380809383976,9703.927380809384,1021296.3030396852,-7463.303039685152,5,460110.0,1646.0,270188.0,189487.0,-5653.0,3572.0,908291.0,-2081.0,906210.0,95881.0,-1.0,0.0,-151.0,-1.0
2012-01-01,1013833.0,1018830.0,191473.0,445596.0,264348.0,2425.0,9661.0,7800.0,1021633.0,-2803.0,1016032.1192138279,2199.119213827942,2797.880786172058,1031747.5702675768,-12917.570267576892,5,445596.0,1743.0,265739.0,191472.0,3004.0,6868.0,911295.0,9872.0,921167.0,102538.0,1.0,0.0,-1391.0,682.0
2012-02-01,1018830.0,1043559.0,181783.0,423846.0,248296.0,2127.0,4997.0,4106.0,1022936.0,20623.0,1019229.3425091555,399.3425091555091,24329.65749084449,1036247.225351978,7311.7746480220085,5,423846.0,1721.0,248173.0,181783.0,4233.0,156.0,915528.0,4389.0,919917.0,103302.0,0.0,0.0,123.0,406.0
2012-03-01,1043559.0,1052996.0,196139.0,448765.0,271888.0,2196.0,24729.0,17066.0,1060625.0,-7629.0,1044182.4097851845,623.4097851844945,8813.590214815506,1059524.0042024106,-6528.004202410588,5,448765.0,1851.0,271767.0,196138.0,13128.0,4161.0,928656.0,17289.0,945945.0,114903.0,1.0,0.0,121.0,345.0
2012-04-01,1052996.0,1059710.0,189601.0,438283.0,259077.0,1228.0,9437.0,9167.0,1062163.0,-2453.0,1053006.381218443,10.3812184428607,6703.618781557139,1067741.422797694,-8031.422797694038,5,438283.0,968.0,257744.0,189601.0,4617.0,3477.0,933273.0,8094.0,941367.0,119723.0,0.0,0.0,1333.0,260.0
2012-05-01,1059710.0,1058104.0,197456.0,467997.0,278720.0,2571.0,6714.0,5608.0,1065318.0,-7214.0,1056371.5949196192,-3338.405080380875,1732.405080380875,1058472.9577315124,-368.9577315124825,5,467997.0,2142.0,276173.0,197456.0,5602.0,-2112.0,938875.0,3490.0,942365.0,120835.0,0.0,0.0,2547.0,429.0
2012-06-01,1058104.0,1042627.0,188262.0,469096.0,275790.0,1381.0,-1606.0,-6425.0,1051679.0,-9052.0,1052897.901241036,-5206.098758964115,-10270.901241035885,1054452.925621524,-11825.925621524026,5,469096.0,1381.0,273024.0,188262.0,-1036.0,-8155.0,937839.0,-9191.0,928648.0,120265.0,0.0,0.0,2766.0,0.0
2012-07-01,1042627.0,1032341.0,199370.0,485624.0,270061.0,2387.0,-15477.0,-18580.0,1024047.0,8294.0,1037605.6081720626,-5021.39182793735,-5264.60817206265,1040591.9029754362,-8250.902975436184,5,485624.0,2388.0,266786.0,199368.0,-9442.0,-12416.0,928397.0,-21858.0,906539.0,114230.0,2.0,0.0,3275.0,-1.0
2012-08-01,1032341.0,1038294.0,196868.0,475062.0,268600.0,1866.0,-10286.0,-11460.0,1020881.0,17413.0,1030312.3724226368,-2028.6275773631678,7981.627577363168,1033587.8692633737,4706.130736626357,5,475062.0,1866.0,267560.0,196867.0,-4736.0,-7765.0,923661.0,-12501.0,911160.0,108680.0,1.0,0.0,1040.0,0.0
2012-09-01,1038294.0,1044483.0,197941.0,447304.0,251431.0,2039.0,5953.0,29.0,1038323.0,6160.0,1040297.7635014178,2003.763501417734,4185.236498582266,1046255.3503102793,-1772.3503102793202,5,447304.0,1744.0,251264.0,197942.0,1835.0,-1677.0,925496.0,158.0,925654.0,112798.0,-1.0,0.0,167.0,295.0
2012-10-01,1044483.0,1047363.0,216056.0,460147.0,251338.0,2079.0,6189.0,5168.0,1049651.0,-2288.0,1047077.8889596038,2594.8889596038025,285.1110403961975,1054315.5981494966,-6952.598149496451,5,460147.0,2079.0,250835.0,216057.0,4721.0,-55.0,930217.0,4666.0,934883.0,114266.0,-1.0,0.0,503.0,0.0
2012-11-01,1047363.0,1033064.0,212472.0,452559.0,245487.0,2201.0,2880.0,3199.0,1050562.0,-17498.0,1049326.9466797335,1963.9466797334499,-16262.94667973345,1055352.3549767362,-22288.35497673628,5,452559.0,2201.0,243895.0,212472.0,3641.0,-2034.0,933858.0,1607.0,935465.0,113505.0,0.0,0.0,1592.0,0.0
2012-12-01,1033064.0,1045099.0,220281.0,475237.0,235719.0,2191.0,-14299.0,-21428.0,1011636.0,33463.0,1030978.7922091477,-2085.2077908523206,14120.20779085232,1038173.0453722379,6925.95462776215,5,475237.0,1788.0,234865.0,220282.0,-10323.0,-11555.0,923535.0,-21878.0,901657.0,109529.0,-1.0,0.0,854.0,403.0
2013-01-01,1045099.0,1052768.0,219569.0,451584.0,246629.0,3384.0,12035.0,11230.0,1056329.0,-3561.0,1047911.6493194059,2812.6493194058185,4856.3506805941815,1048715.264634374,4052.735365626062,5,451584.0,2248.0,246531.0,219570.0,8673.0,3596.0,932208.0,12269.0,944477.0,112891.0,-1.0,0.0,98.0,1136.0
2013-02-01,1052768.0,1060590.0,200070.0,398450.0,204191.0,3706.0,7669.0,2105.0,1054873.0,5717.0,1058514.5353472936,5746.535347293509,2075.4646527064906,1068042.1035600363,-7452.103560036403,5,398450.0,3476.0,203551.0,200071.0,4469.0,-2773.0,936677.0,1696.0,938373.0,116091.0,-1.0,0.0,640.0,230.0
2013-03-01,1060590.0,1063524.0,223644.0,455781.0,232398.0,3310.0,7822.0,-3049.0,1057541.0,5983.0,1062003.9069992239,1413.9069992238492,1520.0930007761508,1069015.9406831262,-5491.940683126177,5,455781.0,3120.0,231262.0,223644.0,5535.0,-9530.0,942212.0,-3995.0,938217.0,118378.0,0.0,0.0,1136.0,190.0
2013-04-01,1063524.0,1059273.0,221206.0,445933.0,232807.0,4151.0,2934.0,3929.0,1067453.0,-8180.0,1066253.3693922395,2729.369392239525,-6980.369392239525,1074961.8746561287,-15688.874656128733,5,445933.0,3965.0,231793.0,221205.0,2102.0,998.0,944314.0,3100.0,947414.0,119210.0,1.0,0.0,1014.0,186.0
2013-05-01,1059273.0,1044776.0,227102.0,474450.0,239970.0,4033.0,-4251.0,-11411.0,1047862.0,-3086.0,1059832.4323806644,559.4323806644079,-15056.432380664408,1066899.154641255,-22123.154641254987,5,474450.0,3863.0,239848.0,227101.0,-3959.0,-7405.0,940355.0,-11364.0,928991.0,118918.0,1.0,0.0,122.0,170.0
2013-06-01,1044776.0,1035360.0,218314.0,474991.0,231930.0,3724.0,-14497.0,-28471.0,1016305.0,19055.0,1043593.7223524058,-1182.2776475943065,-8233.722352405694,1049382.877307932,-14022.877307931818,5,474991.0,3591.0,231900.0,218314.0,-11078.0,-17290.0,929277.0,-28368.0,900909.0,115499.0,0.0,0.0,30.0,133.0
2013-07-01,1035360.0,1033096.0,233173.0,497292.0,249788.0,3217.0,-9416.0,-17548.0,1017812.0,15284.0,1034569.8888239121,-790.1111760879176,-1473.8888239120824,1041711.0236486251,-8615.02364862504,5,497292.0,3029.0,250207.0,233174.0,-4233.0,-12707.0,925044.0,-16940.0,908104.0,110316.0,-1.0,0.0,-419.0,188.0
2013-08-01,1033096.0,1039985.0,233562.0,489589.0,251079.0,2192.0,-2264.0,-7140.0,1025956.0,14029.0,1033928.2244782412,832.2244782412563,6056.775521758744,1042099.0627497241,-2114.0627497242313,5,489589.0,2052.0,251054.0,233562.0,1036.0,-8061.0,926080.0,-7025.0,919055.0,107016.0,0.0,0.0,25.0,140.0
2013-09-01,1039985.0,1048566.0,235142.0,469074.0,237699.0,3162.0,6889.0,605.0,1040590.0,7976.0,1044516.1841731985,4531.184173198539,4049.8158268014613,1054640.15428875,-6074.15428875006,5,469074.0,2975.0,237344.0,235142.0,67.0,370.0,926147.0,437.0,926584.0,113838.0,0.0,0.0,355.0,187.0
2013-10-01,1048566.0,1040141.0,240567.0,464725.0,231822.0,3679.0,8581.0,3985.0,1052551.0,-12410.0,1053377.5089902533,4811.508990253304,-13236.508990253304,1063817.401077771,-23676.40107777119,5,464725.0,3523.0,231718.0,240567.0,8251.0,-4214.0,934398.0,4037.0,938435.0,114168.0,0.0,0.0,104.0,156.0
2013-11-01,1040141.0,1023160.0,237564.0,468989.0,222248.0,7578.0,-8425.0,-16755.0,1023386.0,-226.0,1042755.0816584604,2614.0816584604163,-19595.081658460418,1052363.7713885508,-29203.771388550667,5,468989.0,6058.0,221588.0,237565.0,-5254.0,-10640.0,929144.0,-15894.0,913250.0,110997.0,-1.0,0.0,660.0,1520.0
2013-12-01,1023160.0,1032207.0,245904.0,498148.0,240919.0,6832.0,-16981.0,-18157.0,1005003.0,27204.0,1025371.1925160001,2211.192516000141,6835.807483999859,1035597.4744136446,-3390.4744136445624,5,498148.0,5879.0,240529.0,245904.0,-13120.0,-4474.0,916024.0,-17594.0,898430.0,107136.0,0.0,0.0,390.0,953.0
2014-01-01,1032207.0,1041243.0,250241.0,474643.0,235269.0,7698.0,9047.0,3169.0,1035376.0,5867.0,1037510.8743271396,5303.8743271396215,3732.1256728603785,1051855.803266528,-10612.8032665282,5,474643.0,7595.0,235090.0,250240.0,4840.0,-1748.0,933251.0,3092.0,936343.0,98956.0,1.0,0.0,179.0,103.0
2014-02-01,1041243.0,1050916.0,228166.0,423572.0,201572.0,6908.0,9036.0,-742.0,1040501.0,10415.0,1050603.0764478764,9360.076447876498,312.9235521235023,1049307.0734698214,1608.9265301787782,5,423572.0,6722.0,201588.0,228166.0,5543.0,-6083.0,938794.0,-540.0,938254.0,102449.0,0.0,0.0,-16.0,186.0
2014-03-01,1050916.0,1058654.0,257019.0,468588.0,225487.0,7793.0,9673.0,6125.0,1057041.0,1613.0,1057967.1154781675,7051.115478167525,686.884521832475,1052940.2106238252,5713.789376174791,5,468588.0,7622.0,225184.0,257019.0,10041.0,-4048.0,948835.0,5993.0,954828.0,102081.0,0.0,0.0,303.0,171.0
2014-04-01,1058654.0,1056432.0,255598.0,475924.0,226639.0,8448.0,7738.0,-2135.0,1056519.0,-87.0,1063497.2389997256,4843.238999725485,-7065.238999725485,1056969.799862344,-537.7998623441072,5,475924.0,8049.0,226414.0,255597.0,6697.0,-8659.0,955532.0,-1962.0,953570.0,103122.0,1.0,0.0,225.0,399.0
2014-05-01,1056432.0,1045277.0,267731.0,494312.0,222177.0,9567.0,-2222.0,-13971.0,1042461.0,2816.0,1058558.1429064164,2126.1429064163895,-13281.14290641639,1049291.5330831981,-4014.533083198119,5,494312.0,8938.0,222119.0,267731.0,-1221.0,-12179.0,954311.0,-13400.0,940911.0,102121.0,0.0,0.0,58.0,629.0
2014-06-01,1045277.0,1029709.0,262027.0,474519.0,212025.0,11834.0,-11155.0,-12301.0,1032976.0,-3267.0,1049799.8773309088,4522.877330908763,-20090.877330908763,1042848.7850952895,-13139.785095289464,5,474519.0,11865.0,211632.0,262026.0,-10315.0,-2411.0,943996.0,-12726.0,931270.0,101281.0,1.0,0.0,393.0,-31.0
2014-07-01,1029709.0,1022048.0,273952.0,512568.0,236534.0,13044.0,-15568.0,-15126.0,1014583.0,7465.0,1032415.7157299931,2706.715729993086,-10367.715729993086,1024020.5310667981,-1972.5310667981157,5,512568.0,12428.0,236310.0,273952.0,-15215.0,481.0,928781.0,-14734.0,914047.0,100928.0,0.0,0.0,224.0,616.0
2014-08-01,1022048.0,1023124.0,276512.0,510271.0,231649.0,12136.0,-7661.0,-14246.0,1007802.0,15322.0,1027479.1798410272,5431.179841027246,-4355.179841027246,1021570.5029968633,1553.4970031366065,5,510271.0,12053.0,231604.0,276513.0,-7770.0,-6437.0,921011.0,-14207.0,906804.0,101037.0,-1.0,0.0,45.0,83.0
2014-09-01,1023124.0,1042683.0,272112.0,482205.0,224851.0,10480.0,1076.0,4278.0,1027402.0,15281.0,1030471.5816477566,7347.581647756619,12211.418352243381,1027070.9705949228,15612.029405077143,5,482205.0,10480.0,225232.0,272111.0,570.0,4088.0,921581.0,4658.0,926239.0,101543.0,1.0,0.0,-381.0,0.0
2014-10-01,1042683.0,1047692.0,286758.0,476192.0,221600.0,11653.0,19559.0,20513.0,1063196.0,-15504.0,1053172.7134304189,10489.713430418864,-5480.713430418864,1049515.4385533591,-1823.438553359234,5,476192.0,11653.0,221022.0,286760.0,20957.0,-1020.0,942538.0,19937.0,962475.0,100145.0,-2.0,0.0,578.0,0.0
2014-11-01,1047692.0,1051824.0,279200.0,481303.0,218845.0,15619.0,5009.0,1123.0,1048815.0,3009.0,1056337.3318023633,8645.331802363331,-4513.331802363331,1049533.1539578938,2290.8460421061536,5,481303.0,15053.0,218222.0,279200.0,4484.0,-3418.0,947022.0,1066.0,948088.0,100670.0,0.0,0.0,623.0,566.0
2014-12-01,1051824.0,1080169.0,295914.0,510540.0,223978.0,13053.0,4132.0,-3701.0,1048123.0,32046.0,1057603.307685083,5779.307685083038,22565.69231491696,1048736.5726612348,31432.427338765174,5,510540.0,13692.0,223494.0,295914.0,6024.0,-10848.0,953046.0,-4824.0,948222.0,98778.0,0.0,0.0,484.0,-639.0
2015-01-01,1080169.0,1106266.0,290697.0,479140.0,222315.0,15342.0,28345.0,18530.0,1098699.0,7567.0,1089424.1214847818,9255.12148478175,16841.87851521825,1082093.6942033318,24172.30579666829,5,479140.0,15229.0,221638.0,290631.0,28002.0,-10102.0,981048.0,17900.0,998948.0,99121.0,66.0,0.0,677.0,113.0
2015-02-01,1106266.0,1134150.0,265570.0,429564.0,198807.0,12380.0,26097.0,22433.0,1128699.0,5451.0,1115381.8417763568,9115.841776356867,18768.158223643135,1108679.5808369708,25470.41916302924,5,429564.0,11984.0,199055.0,265886.0,25663.0,-2270.0,1006711.0,23393.0,1030104.0,99555.0,-316.0,0.0,-248.0,396.0
2015-03-01,1134150.0,1143660.0,296966.0,484840.0,235360.0,13566.0,27884.0,33920.0,1168070.0,-24410.0,1139279.3706095791,5129.370609579253,4380.629390420747,1130207.6249689662,13452.375031033755,5,484840.0,12935.0,234806.0,296825.0,27380.0,6476.0,1034091.0,33856.0,1067947.0,100059.0,141.0,0.0,554.0,631.0
2015-04-01,1143660.0,1141306.0,289564.0,488184.0,216229.0,17969.0,9510.0,-360.0,1143300.0,-1994.0,1144284.6153197915,624.6153197914082,-2978.615319791408,1131884.652006036,9421.347993964204,5,488184.0,17591.0,216229.0,289449.0,9168.0,-9265.0,1043259.0,-97.0,1043162.0,100401.0,115.0,0.0,0.0,378.0
2015-05-01,1141306.0,1132701.0,293440.0,508450.0,224604.0,16338.0,-2354.0,-6744.0,1134562.0,-1861.0,1140152.4762712056,-1153.5237287943128,-7451.476271205687,1125740.6651636178,6960.334836382312,5,508450.0,16460.0,224604.0,293362.0,-2989.0,-3955.0,1040270.0,-6944.0,1033326.0,101036.0,78.0,0.0,0.0,-122.0
2015-06-01,1132701.0,1119943.0,280506.0,501034.0,219618.0,13355.0,-8605.0,-14265.0,1118436.0,1507.0,1131410.567981964,-1290.4320180360883,-11467.567981963912,1117857.2896284235,2085.710371576579,5,501034.0,12916.0,219126.0,280425.0,-7837.0,-6562.0,1032433.0,-14399.0,1018034.0,100268.0,81.0,0.0,492.0,439.0
2015-07-01,1119943.0,1120983.0,292508.0,523238.0,228160.0,16934.0,-12758.0,-19504.0,1100439.0,20544.0,1119273.4735307465,-669.5264692533783,1709.5264692533783,1105783.1205875052,15199.879412494869,5,523238.0,16312.0,227255.0,292432.0,-12728.0,-7135.0,1019705.0,-19863.0,999842.0,100238.0,76.0,0.0,905.0,622.0
2015-08-01,1120983.0,1124257.0,291406.0,517707.0,239212.0,14287.0,1040.0,-1376.0,1119607.0,4650.0,1122002.5889813877,1019.5889813877093,2254.4110186122907,1111933.2159919494,12323.784008050667,5,517707.0,14293.0,236785.0,291333.0,2464.0,-6346.0,1022169.0,-3882.0,1018287.0,98814.0,73.0,0.0,2427.0,-6.0
2015-09-01,1124257.0,1150339.0,284127.0,485028.0,216838.0,12315.0,3274.0,3622.0,1127879.0,22460.0,1129068.6083778027,4811.608377802719,21270.391622197283,1118510.6015548683,31828.39844513171,5,485028.0,12273.0,216669.0,284079.0,2968.0,479.0,1025137.0,3447.0,1028584.0,99120.0,48.0,0.0,169.0,42.0
2015-10-01,1150339.0,1151117.0,291219.0,478636.0,220171.0,15503.0,26082.0,17251.0,1167590.0,-16473.0,1154446.521947031,4107.521947030902,-3329.521947030902,1139045.3336889,12071.666311099914,5,478636.0,15501.0,220747.0,291157.0,25722.0,-7955.0,1050859.0,17767.0,1068626.0,99480.0,62.0,0.0,-576.0,2.0
2015-11-01,1151117.0,1144339.0,279838.0,493741.0,221130.0,9592.0,778.0,-2365.0,1148752.0,-4413.0,1150090.6957719137,-1026.3042280862992,-5751.695771913701,1146106.2062729027,-1767.2062729026966,5,493741.0,9596.0,221117.0,279779.0,429.0,-2870.0,1051288.0,-2441.0,1048847.0,99829.0,59.0,0.0,13.0,-4.0
2015-12-01,1144339.0,1166883.0,287374.0,518988.0,244965.0,12163.0,-6778.0,1188.0,1145527.0,21356.0,1140905.0095669192,-3433.9904330806894,25977.99043308069,1137307.9322715132,29575.0677284868,5,518988.0,12167.0,244915.0,287309.0,-6053.0,7122.0,1045235.0,1069.0,1046304.0,99104.0,65.0,0.0,50.0,-4.0
2016-01-01,1166883.0,1187267.0,285471.0,494490.0,236065.0,15176.0,22544.0,11870.0,1178753.0,8514.0,1167771.9458496831,888.9458496832049,19495.054150316795,1165324.8472058515,21942.152794148493,5,494490.0,11273.0,237910.0,285322.0,19432.0,-1963.0,1052102.0,17469.0,1069571.0,114781.0,149.0,0.0,-1845.0,3903.0
2016-02-01,1187267.0,1199923.0,262942.0,459442.0,229492.0,13161.0,20384.0,19831.0,1207098.0,-7175.0,1187616.076828456,349.07682845608724,12306.923171543913,1185317.1047903833,14605.895209616785,5,459442.0,10859.0,229402.0,262843.0,19707.0,2237.0,1071809.0,21944.0,1093753.0,115458.0,99.0,0.0,90.0,2302.0
2016-03-01,1199923.0,1204430.0,282370.0,498556.0,248383.0,18471.0,12656.0,13726.0,1213649.0,-9219.0,1198727.5444593718,-1195.455540628158,5702.455540628158,1192373.6525753993,12056.347424600768,5,498556.0,15742.0,249300.0,282290.0,4403.0,12889.0,1076212.0,17292.0,1093504.0,123711.0,80.0,0.0,-917.0,2729.0
2016-04-01,1204430.0,1206965.0,266391.0,477608.0,228344.0,18714.0,4507.0,-1587.0,1202843.0,4122.0,1203391.0174134367,-1038.9825865633866,3573.9825865633866,1196178.5344519492,10786.465548050699,5,477608.0,17734.0,229100.0,266327.0,4765.0,-4680.0,1080977.0,85.0,1081062.0,123453.0,64.0,0.0,-756.0,980.0
2016-05-01,1206965.0,1195957.0,274011.0,503341.0,245749.0,24414.0,2535.0,-7995.0,1198970.0,-3013.0,1200603.0884037523,-6361.911596247774,-4646.088403752226,1190852.6885580164,5104.311441983686,5,503341.0,20511.0,246323.0,273959.0,2701.0,-6271.0,1083678.0,-3570.0,1080108.0,123287.0,52.0,0.0,-574.0,3903.0
2016-06-01,1195957.0,1188554.0,260383.0,492978.0,226802.0,15915.0,-11008.0,-21708.0,1174249.0,14305.0,1190122.4814761241,-5834.518523875766,-1568.4814761242342,1180705.960037178,7848.039962822022,5,492978.0,11489.0,228320.0,260338.0,-11018.0,-4791.0,1072660.0,-15809.0,1056851.0,123297.0,45.0,0.0,-1518.0,4426.0
2016-07-01,1188554.0,1181768.0,268729.0,515257.0,250986.0,16612.0,-7403.0,-12154.0,1176400.0,5368.0,1183729.1803833141,-4824.819616685938,-1961.180383314062,1175564.3830726168,6203.616927383227,5,515257.0,14684.0,250845.0,268667.0,-7955.0,-2474.0,1064705.0,-10429.0,1054276.0,123849.0,62.0,0.0,141.0,1928.0
2016-08-01,1181768.0,1166627.0,269529.0,514394.0,248482.0,22330.0,-6786.0,-18713.0,1163055.0,3572.0,1176021.4698705736,-5746.530129426395,-9394.469870573605,1168440.115332216,-1813.1153322160244,5,514394.0,20371.0,249099.0,269463.0,-6401.0,-9802.0,1058304.0,-16203.0,1042101.0,123464.0,66.0,0.0,-617.0,1959.0
2016-09-01,1166627.0,1186290.0,256412.0,490195.0,241213.0,23241.0,-15141.0,-15811.0,1150816.0,35474.0,1161911.954939744,-4715.045060255996,24378.045060255998,1155879.4977387427,30410.502261257367,5,490195.0,20764.0,241721.0,256351.0,-12580.0,-307.0,1045724.0,-12887.0,1032837.0,120903.0,61.0,0.0,-508.0,2477.0
2016-10-01,1186290.0,1185818.0,273065.0,479085.0,234666.0,15552.0,19663.0,13094.0,1199384.0,-13566.0,1188119.093629082,1829.0936290818536,-2301.0936290818536,1183115.3124829663,2702.6875170336352,5,479085.0,15215.0,235827.0,273009.0,20749.0,-6213.0,1066473.0,14536.0,1081009.0,119817.0,56.0,0.0,-1161.0,337.0
2016-11-01,1185818.0,1179704.0,267228.0,487057.0,240691.0,18170.0,-472.0,2692.0,1188510.0,-8806.0,1183401.854134786,-2416.1458652140755,-3697.8541347859245,1178469.619337598,1234.3806624017434,5,487057.0,17916.0,241606.0,267184.0,-192.0,4009.0,1066281.0,3817.0,1070098.0,119537.0,44.0,0.0,-915.0,254.0
2016-12-01,1179704.0,1201876.0,273413.0,511992.0,242335.0,14519.0,-6114.0,-10763.0,1168941.0,32935.0,1174363.5606119863,-5340.439388013669,27512.43938801367,1169607.4557222377,32268.54427776227,5,511992.0,13691.0,243684.0,273366.0,-3064.0,-5569.0,1063217.0,-8633.0,1054584.0,116487.0,47.0,0.0,-1349.0,828.0
2017-01-01,1201876.0,1220244.0,275124.0,499665.0,262811.0,22047.0,22172.0,16223.0,1218099.0,2145.0,1200883.8256501397,-992.1743498602809,19360.17434986028,1195517.6439425999,24726.3560574,5,499665.0,23126.0,261497.0,275075.0,20121.0,-6340.0,1083338.0,13781.0,1097119.0,118538.0,49.0,0.0,1314.0,-1079.0
2017-02-01,1220244.0,1230105.0,254715.0,433807.0,220558.0,32092.0,18368.0,9374.0,1229618.0,487.0,1217992.674862881,-2251.3251371190545,12112.325137119054,1210674.9980834734,19430.00191652659,5,433807.0,31260.0,220930.0,255099.0,19314.0,-8352.0,1102652.0,10962.0,1113614.0,117592.0,-384.0,0.0,-372.0,832.0
2017-03-01,1230105.0,1213073.0,284195.0,497486.0,253114.0,28830.0,9861.0,10993.0,1241098.0,-28025.0,1223568.0696020853,-6536.930397914799,-10495.069602085201,1214293.328554713,-1220.3285547129417,5,497486.0,25846.0,249501.0,284185.0,9672.0,682.0,1112324.0,10354.0,1122678.0,117781.0,10.0,0.0,3613.0,2984.0
2017-04-01,1213073.0,1201286.0,273159.0,508633.0,246132.0,33834.0,-17032.0,-23176.0,1189897.0,11389.0,1202009.6445982433,-11063.355401756718,-723.6445982432815,1190409.2129554548,10876.787044545297,5,508633.0,30023.0,243922.0,273051.0,-16776.0,-4907.0,1095548.0,-21683.0,1073865.0,117525.0,108.0,0.0,2210.0,3811.0
2017-05-01,1201286.0,1180731.0,284853.0,533894.0,263106.0,34048.0,-11787.0,-19983.0,1181303.0,-572.0,1186895.4171771235,-14390.582822876535,-6164.417177123465,1177520.3143099048,3210.6856900951043,5,533894.0,31715.0,260322.0,284812.0,-11278.0,-9197.0,1084270.0,-20475.0,1063795.0,117016.0,41.0,0.0,2784.0,2333.0
2017-06-01,1180731.0,1162294.0,273403.0,516122.0,242677.0,25952.0,-20555.0,-25994.0,1154737.0,7557.0,1170123.3741094028,-10607.625890597168,-7829.374109402832,1161245.4104283587,1048.5895716413052,5,516122.0,23592.0,240308.0,273338.0,-21253.0,-4815.0,1063017.0,-26068.0,1036949.0,117714.0,65.0,0.0,2369.0,2360.0
2017-07-01,1162294.0,1138781.0,287048.0,536841.0,245369.0,29641.0,-18437.0,-34065.0,1128229.0,10552.0,1152212.6854257097,-10081.314574290296,-13431.685425709704,1143476.0093095093,-4695.009309509307,5,536841.0,27691.0,242580.0,286663.0,-18315.0,-16974.0,1044702.0,-35289.0,1009413.0,117592.0,385.0,0.0,2789.0,1950.0
2017-08-01,1138781.0,1143228.0,287116.0,526396.0,245611.0,25339.0,-23513.0,-19008.0,1119773.0,23455.0,1132561.4222994242,-6219.57770057569,10666.57770057569,1134173.5202507838,9054.479749216254,5,526396.0,23930.0,244595.0,286690.0,-24627.0,5586.0,1020075.0,-19041.0,1001034.0,118706.0,426.0,0.0,1016.0,1409.0
2017-09-01,1143228.0,1128682.0,285404.0,463806.0,219708.0,43899.0,4447.0,-2593.0,1140635.0,-11953.0,1143568.7827140568,340.7827140567406,-14886.782714056739,1147884.941240682,-19202.941240682194,5,463806.0,44180.0,218262.0,285423.0,-2967.0,-1334.0,1017108.0,-4301.0,1012807.0,126120.0,-19.0,0.0,1446.0,-281.0
2017-10-01,1128682.0,1114332.0,299675.0,497897.0,238109.0,53327.0,-14546.0,-13440.0,1115242.0,-910.0,1117501.464400782,-11180.535599218032,-3169.464400781968,1120078.8973801034,-5746.8973801033735,5,497897.0,53662.0,235946.0,299707.0,-15659.0,-247.0,1001449.0,-15906.0,985543.0,127233.0,-32.0,0.0,2163.0,-335.0
2017-11-01,1114332.0,1084477.0,302585.0,505188.0,230230.0,46323.0,-14350.0,-18696.0,1095636.0,-11159.0,1106022.8013714293,-8309.198628570648,-21545.801371429352,1108395.531006426,-23918.5310064262,5,505188.0,46022.0,228703.0,302592.0,-14407.0,-5508.0,987042.0,-19915.0,967127.0,127290.0,-7.0,0.0,1527.0,301.0
2017-12-01,1084477.0,1084994.0,309585.0,535506.0,241245.0,47185.0,-29855.0,-31861.0,1052616.0,32378.0,1073965.5074341418,-10511.49256585816,11028.49256585816,1076631.0673407805,8362.93265921962,5,535506.0,46955.0,241246.0,309612.0,-31066.0,-537.0,955976.0,-31603.0,924373.0,128501.0,-27.0,0.0,-1.0,230.0
2018-01-01,1084994.0,1089301.0,309990.0,514575.0,248552.0,42222.0,517.0,1745.0,1086739.0,2562.0,1082181.173978593,-2812.8260214071015,7119.8260214071015,1086867.7922226146,2433.207777385436,5,514575.0,41588.0,248384.0,310059.0,-754.0,3034.0,955222.0,2280.0,957502.0,129772.0,-69.0,0.0,168.0,634.0
2018-02-01,1089301.0,1090395.0,287375.0,446215.0,209942.0,48588.0,4307.0,2514.0,1091815.0,-1420.0,1093014.2953295475,3713.295329547387,-2619.295329547387,1099285.9377605112,-8890.937760511208,5,446215.0,44944.0,209799.0,287865.0,4839.0,1666.0,960061.0,6505.0,966566.0,129240.0,-490.0,0.0,143.0,3644.0
2018-03-01,1090395.0,1100544.0,324478.0,516619.0,236216.0,61051.0,1094.0,-16976.0,1073419.0,27125.0,1085328.3941784096,-5066.605821590363,15215.605821590363,1088789.402315311,11754.597684689033,5,516619.0,51813.0,236086.0,324478.0,1088.0,-8956.0,961149.0,-7868.0,953281.0,129246.0,0.0,0.0,130.0,9238.0
2018-04-01,1100544.0,1094364.0,314798.0,502986.0,247608.0,57581.0,10149.0,1839.0,1102383.0,-8019.0,1095381.5859921663,-5162.414007833666,-1017.5859921663341,1099627.698619217,-5263.698619216966,5,502986.0,52668.0,247330.0,314838.0,10116.0,-3602.0,971265.0,6514.0,977779.0,129279.0,-40.0,0.0,278.0,4913.0
2018-05-01,1094364.0,1075167.0,323381.0,526031.0,242857.0,64079.0,-6180.0,-23872.0,1070492.0,4675.0,1082852.8566624478,-11511.143337552216,-7685.856662447784,1085367.1837099702,-10200.183709970192,5,526031.0,62165.0,242560.0,323388.0,-5580.0,-16668.0,965685.0,-22248.0,943437.0,128679.0,-7.0,0.0,297.0,1914.0
2018-06-01,1075167.0,1069654.0,319237.0,529970.0,254623.0,68366.0,-19197.0,-24476.0,1050691.0,18963.0,1064289.9028794041,-10877.09712059588,5364.0971205958795,1067819.4205119829,1834.5794880171761,5,529970.0,66010.0,254407.0,319207.0,-18596.0,-3770.0,947089.0,-22366.0,924723.0,128078.0,30.0,0.0,216.0,2356.0
2018-07-01,1069654.0,1067594.0,337983.0,538067.0,246014.0,71508.0,-5513.0,-25578.0,1044076.0,23518.0,1064043.227678968,-5610.772321031933,3550.7723210319327,1066423.5715764945,1170.4284235055275,5,538067.0,66303.0,246283.0,337928.0,-4884.0,-15275.0,942205.0,-20159.0,922046.0,127449.0,55.0,0.0,-269.0,5205.0
2018-08-01,1067594.0,1076693.0,353277.0,546310.0,247656.0,57620.0,-2060.0,-2997.0,1064597.0,12096.0,1065668.5942721064,-1925.405727893496,11024.405727893496,1069394.6035655702,7298.39643442982,5,546310.0,54228.0,248002.0,353226.0,-1820.0,2510.0,940385.0,690.0,941075.0,127209.0,51.0,0.0,-346.0,3392.0
2018-09-01,1076693.0,1088648.0,343308.0,509726.0,227795.0,60453.0,9099.0,924.0,1077617.0,11031.0,1076332.4354102276,-360.5645897724153,12315.564589772415,1080623.2156494241,8024.7843505759665,5,509726.0,63470.0,227663.0,343383.0,7007.0,-9157.0,947392.0,-2150.0,945242.0,129301.0,-75.0,0.0,132.0,-3017.0
2018-10-01,1088648.0,1098946.0,356755.0,508779.0,227975.0,69951.0,11955.0,6000.0,1094648.0,4298.0,1086353.3606327772,-2294.6393672228824,12592.639367222882,1092785.5405347717,6160.459465228285,5,508779.0,72095.0,226679.0,356986.0,11160.0,-8369.0,958552.0,2791.0,961343.0,130096.0,-231.0,0.0,1296.0,-2144.0
2018-11-01,1098946.0,1091640.0,356758.0,514863.0,226251.0,72012.0,10298.0,-3866.0,1095080.0,-3440.0,1095607.0195734634,-3338.980426536571,-3967.019573463429,1100724.5875184753,-9084.587518475228,5,514863.0,78279.0,224694.0,357328.0,10863.0,-21983.0,969415.0,-11120.0,958295.0,129531.0,-570.0,0.0,1557.0,-6267.0
2018-12-01,1091640.0,1098111.0,370487.0,539691.0,220002.0,74109.0,-7306.0,-23311.0,1068329.0,29782.0,1086608.286856528,-5031.713143472121,11502.713143472121,1089896.5007813047,8214.49921869519,5,539691.0,77843.0,220059.0,371522.0,-7237.0,-18716.0,962178.0,-25953.0,936225.0,129462.0,-1035.0,0.0,-57.0,-3734.0
2019-01-01,1098111.0,1100786.0,368063.0,520272.0,234307.0,81931.0,6471.0,167.0,1098278.0,2508.0,1093074.1284229227,-5036.871577077325,7711.871577077325,1097974.5356148009,2811.4643851991477,5,520272.0,79832.0,233126.0,368054.0,7007.0,-5931.0,969185.0,1076.0,970261.0,128926.0,9.0,0.0,1181.0,2099.0
2019-02-01,1100786.0,1108016.0,326293.0,443681.0,186757.0,81617.0,2675.0,-12248.0,1088538.0,19478.0,1096496.120412439,-4289.87958756099,11519.87958756099,1102489.1987893677,5526.801210632433,5,443681.0,83721.0,186243.0,326819.0,2916.0,-17256.0,972101.0,-14340.0,957761.0,128685.0,-526.0,0.0,514.0,-2104.0
2019-03-01,1108016.0,1118390.0,369262.0,493975.0,210276.0,82863.0,7230.0,2700.0,1110716.0,7674.0,1105986.237779018,-2029.7622209820584,12403.762220982058,1111544.010605694,6845.989394306011,5,493975.0,83197.0,209541.0,369203.0,2960.0,-1388.0,975061.0,1572.0,976633.0,132955.0,59.0,0.0,735.0,-334.0
2019-04-01,1118390.0,1125943.0,364329.0,490236.0,209958.0,87322.0,10374.0,-3271.0,1115119.0,10824.0,1112856.8295087307,-5533.170491269313,13086.170491269313,1117940.089935986,8002.910064013926,5,490236.0,85275.0,210741.0,364293.0,8961.0,-9438.0,984022.0,-477.0,983545.0,134368.0,36.0,0.0,-783.0,2047.0
2019-05-01,1125943.0,1108264.0,376675.0,518303.0,221769.0,91722.0,7553.0,-11581.0,1114362.0,-6098.0,1117553.6589073273,-8389.341092672616,-9289.658907327384,1125676.7369537733,-17412.736953773237,5,518303.0,89908.0,221900.0,376738.0,8148.0,-17721.0,992170.0,-9573.0,982597.0,133773.0,-63.0,0.0,-131.0,1814.0
2019-06-01,1108264.0,1086406.0,366657.0,517074.0,214563.0,92995.0,-17679.0,-28849.0,1079415.0,6991.0,1096982.9721371676,-11281.027862832521,-10576.972137167479,1105264.8678805295,-18858.867880529455,5,517074.0,94775.0,214233.0,366642.0,-16598.0,-14376.0,975572.0,-30974.0,944598.0,132692.0,15.0,0.0,330.0,-1780.0
2019-07-01,1086406.0,1074936.0,369109.0,532431.0,215083.0,83884.0,-21858.0,-32123.0,1054283.0,20653.0,1077154.3140246768,-9251.685975323178,-2218.3140246768216,1085385.1396079166,-10449.139607916582,5,532431.0,83512.0,214988.0,368952.0,-21912.0,-10091.0,953660.0,-32003.0,921657.0,132746.0,157.0,0.0,95.0,372.0
2019-08-01,1074936.0,1070432.0,387122.0,536202.0,215273.0,85406.0,-11470.0,-19213.0,1055723.0,14709.0,1071229.9654593186,-3706.0345406814777,-797.9654593185223,1079353.3744546308,-8921.374454630935,5,536202.0,84550.0,215273.0,387024.0,-11403.0,-7052.0,942257.0,-18455.0,923802.0,132679.0,98.0,0.0,0.0,856.0
2019-09-01,1070432.0,1084520.0,377870.0,492093.0,194485.0,92780.0,-4504.0,-12518.0,1057914.0,26606.0,1069471.278094618,-960.7219053818026,15048.721905381803,1078558.1382299038,5961.8617700963605,5,492093.0,92754.0,194340.0,377681.0,-8976.0,-3850.0,933281.0,-12826.0,920455.0,137151.0,189.0,0.0,145.0,26.0
2019-10-01,1084520.0,1080854.0,397089.0,486107.0,193493.0,105770.0,14088.0,-1295.0,1083225.0,-2371.0,1081021.5556972201,-3498.4443027797734,-167.55569722022665,1090537.8351410574,-9683.835141057416,5,486107.0,104865.0,193544.0,396984.0,14111.0,-14555.0,947392.0,-444.0,946948.0,137128.0,105.0,0.0,-51.0,905.0
2019-11-01,1080854.0,1067739.0,389953.0,494453.0,174531.0,92408.0,-3666.0,-22377.0,1058477.0,9262.0,1077816.6452539903,-3037.354746009798,-10077.645253990202,1085834.6126005505,-18095.612600550514,5,494453.0,90694.0,174486.0,389809.0,-3492.0,-17360.0,943900.0,-20852.0,923048.0,136954.0,144.0,0.0,45.0,1714.0
2019-12-01,1067739.0,1075220.0,402464.0,520569.0,211837.0,109647.0,-13115.0,-15915.0,1051824.0,23396.0,1058892.696901713,-8846.303098287082,16327.303098287082,1070264.087258264,4955.912741736223,5,520569.0,113731.0,211751.0,402393.0,-13994.0,-6162.0,929906.0,-20156.0,909750.0,137833.0,71.0,0.0,86.0,-4084.0
2020-01-01,1075220.0,1087530.0,398831.0,503084.0,198732.0,105017.0,7481.0,-10538.0,1064682.0,22848.0,1072309.4692433986,-2910.530756601298,15220.530756601298,1082344.0668866544,5185.933113345567,5,503084.0,100775.0,198663.0,398392.0,9901.0,-16705.0,939807.0,-6804.0,933003.0,135413.0,439.0,0.0,69.0,4242.0
2020-02-01,1087530.0,1118308.0,373044.0,460097.0,189059.0,102577.0,12310.0,-571.0,1086959.0,31349.0,1085832.7833415247,-1697.2166584753086,32475.216658475307,1095474.653992201,22833.346007798973,5,460097.0,107525.0,189060.0,372480.0,11389.0,-17471.0,951196.0,-6082.0,945114.0,136334.0,564.0,0.0,-1.0,-4948.0
2020-03-01,1118308.0,1166861.0,396947.0,472144.0,195181.0,112385.0,30778.0,7599.0,1125907.0,40954.0,1112954.6489994938,-5353.35100050612,53906.351000506125,1123277.8598121514,43583.14018784865,5,472144.0,110263.0,195181.0,396682.0,28830.0,-19374.0,980026.0,9456.0,989482.0,138282.0,265.0,0.0,0.0,2122.0
2020-04-01,1166861.0,1169919.0,357550.0,383170.0,165586.0,86479.0,48553.0,53487.0,1220348.0,-50429.0,1174659.140959538,7798.140959538139,-4740.140959538137,1183321.0003620489,-13402.000362049006,5,383170.0,92314.0,166309.0,357336.0,52962.0,-4801.0,1032988.0,48161.0,1081149.0,133873.0,214.0,0.0,-723.0,-5835.0
2020-05-01,1169919.0,1188680.0,301409.0,402009.0,188693.0,98493.0,3058.0,-10400.0,1159519.0,29161.0,1161607.3488650813,-8311.651134918598,27072.6511349186,1167377.2499614644,21302.750038535636,5,402009.0,90787.0,188693.0,301133.0,4374.0,-7344.0,1037362.0,-2970.0,1034392.0,132557.0,276.0,0.0,0.0,7706.0
2020-06-01,1188680.0,1176264.0,313497.0,412031.0,191789.0,82422.0,18761.0,10833.0,1199513.0,-23249.0,1185796.9296928146,-2883.0703071855405,-9532.92969281446,1189919.3455195294,-13655.34551952929,5,412031.0,82585.0,191919.0,313381.0,19484.0,-8800.0,1056846.0,10684.0,1067530.0,131834.0,116.0,0.0,-130.0,-163.0
2020-07-01,1176264.0,1151929.0,341432.0,444341.0,183087.0,103631.0,-12416.0,-23453.0,1152811.0,-882.0,1166359.9790189737,-9904.020981026404,-14430.979018973596,1171360.8237375726,-19431.823737572515,5,444341.0,100532.0,183087.0,341244.0,-11781.0,-8761.0,1045065.0,-20542.0,1024523.0,131199.0,188.0,0.0,0.0,3099.0
2020-08-01,1151929.0,1139910.0,328604.0,438703.0,167927.0,105664.0,-24335.0,-47836.0,1104093.0,35817.0,1137503.247742271,-14425.752257728971,2406.752257728971,1142689.7931518066,-2779.793151806516,5,438703.0,100848.0,168406.0,328128.0,-22133.0,-20884.0,1022932.0,-43017.0,979915.0,128997.0,476.0,0.0,-479.0,4816.0
2020-09-01,1139910.0,1132478.0,328889.0,407185.0,161926.0,97938.0,-12019.0,-14308.0,1125602.0,6876.0,1138261.4198701773,-1648.5801298227143,-5783.419870177286,1143663.305649652,-11185.305649651878,5,407386.0,97149.0,161926.0,328025.0,-12236.0,-2348.0,1010696.0,-14584.0,996112.0,129214.0,864.0,-201.0,0.0,789.0
2020-10-01,1132478.0,1138837.0,325241.0,416787.0,164088.0,91106.0,-7432.0,-18564.0,1113914.0,24923.0,1127860.1330373292,-4617.8669626709,10976.8669626709,1134537.154573093,4299.845426907163,5,418020.0,90260.0,164494.0,324544.0,-7703.0,-11539.0,1002993.0,-19242.0,983751.0,129485.0,697.0,-1233.0,-406.0,846.0
2020-11-01,1138837.0,1123557.0,336740.0,423711.0,167107.0,83585.0,6359.0,-3449.0,1135388.0,-11831.0,1140015.8916038037,1178.8916038036623,-16458.891603803662,1147464.3241273472,-23907.3241273472,5,425772.0,81771.0,168655.0,336286.0,6345.0,-8947.0,1009338.0,-2602.0,1006736.0,129499.0,454.0,-2061.0,-1548.0,1814.0
2020-12-01,1123557.0,1114354.0,346834.0,438334.0,177092.0,104049.0,-15280.0,-18457.0,1105100.0,9254.0,1118133.7848586754,-5423.215141324641,-3779.784858675359,1128630.4748268535,-14276.474826853406,5,440322.0,104515.0,178597.0,346553.0,-16354.0,-3333.0,992984.0,-19687.0,973297.0,130573.0,281.0,-1988.0,-1505.0,-466.0
2021-01-01,1114354.0,1131649.0,345823.0,450797.0,179388.0,98349.0,-9203.0,-23935.0,1090419.0,41230.0,1107876.864225204,-6477.135774795794,23772.135774795795,1117644.1926975977,14004.807302402356,5,453387.0,95345.0,181197.0,345713.0,2878.0,-24700.0,995862.0,-21822.0,974040.0,118492.0,110.0,-2590.0,-1809.0,3004.0
2021-02-01,1131649.0,1140238.0,278057.0,346386.0,156503.0,71841.0,17295.0,16333.0,1147982.0,-7744.0,1137836.1676173557,6187.16761735576,2401.83238264424,1141262.8720298437,-1024.8720298437584,5,349461.0,74242.0,157380.0,278271.0,17627.0,-5679.0,1013489.0,11948.0,1025437.0,118160.0,-214.0,-3075.0,-877.0,-2401.0
2021-03-01,1140238.0,1122586.0,352648.0,446001.0,180396.0,87049.0,8589.0,-6.0,1140232.0,-17646.0,1143049.2184889964,2811.2184889962937,-20463.218488996292,1147744.1091081372,-25158.109108137098,5,448524.0,81053.0,179778.0,352545.0,6268.0,-3522.0,1019757.0,2746.0,1022503.0,120481.0,103.0,-2523.0,618.0,5996.0
2021-04-01,1122586.0,1104565.0,340661.0,454865.0,174563.0,95235.0,-17652.0,-34876.0,1087710.0,16855.0,1114938.8712690629,-7647.128730937271,-10373.871269062729,1121404.662955899,-16839.66295589901,5,457709.0,97101.0,174661.0,340585.0,-16014.0,-23550.0,1003743.0,-39564.0,964179.0,118843.0,76.0,-2844.0,-98.0,-1866.0
2021-05-01,1104565.0,1069412.0,354175.0,483466.0,180654.0,87862.0,-18021.0,-36499.0,1068066.0,1346.0,1098523.8768921325,-6041.123107867503,-29111.876892132495,1106455.465140209,-37043.4651402091,5,483466.0,84115.0,181932.0,354103.0,-19876.0,-11670.0,983867.0,-31546.0,952321.0,120698.0,72.0,0.0,-1278.0,3747.0
2021-06-01,1069412.0,1060047.0,342027.0,485707.0,198207.0,102405.0,-35153.0,-47878.0,1021534.0,38513.0,1057634.3760396496,-11777.623960350382,2412.6239603503827,1068069.622656559,-8022.622656558999,5,485707.0,104625.0,199427.0,341813.0,-36689.0,-12403.0,947178.0,-49092.0,898086.0,122234.0,214.0,0.0,-1220.0,-2220.0
2021-07-01,1060047.0,1042827.0,354036.0,491407.0,198342.0,83830.0,-9365.0,-22859.0,1037188.0,5639.0,1058587.152358377,-1459.8476416230333,-15760.152358376967,1068939.655658732,-26112.655658732023,5,491407.0,83692.0,198242.0,353905.0,-10582.0,-12370.0,936596.0,-22952.0,913644.0,123451.0,131.0,0.0,100.0,138.0
2021-08-01,1042827.0,1038111.0,350856.0,487506.0,193331.0,92763.0,-17220.0,-36082.0,1006745.0,31366.0,1037385.1125929104,-5441.88740708964,725.88740708964,1048408.1089482274,-10297.1089482273,5,487506.0,95348.0,193332.0,350736.0,-19684.0,-19102.0,916912.0,-38786.0,878126.0,125915.0,120.0,0.0,-1.0,-2585.0
2021-09-01,1038111.0,1047226.0,328820.0,456950.0,195755.0,76007.0,-4716.0,-8382.0,1029729.0,17497.0,1038826.1549096724,715.154909672362,8399.845090327639,1048847.51185267,-1621.511852670068,5,456950.0,79995.0,195784.0,328715.0,-5210.0,-7236.0,911702.0,-12446.0,899256.0,126409.0,105.0,0.0,-29.0,-3988.0
2021-10-01,1047226.0,1034854.0,360846.0,466406.0,185112.0,86154.0,9115.0,-6602.0,1040624.0,-5770.0,1048827.175736995,1601.1757369950146,-13973.175736995014,1059499.2615041886,-24645.261504188533,5,466406.0,89907.0,185112.0,360746.0,9124.0,-19579.0,920826.0,-10455.0,910371.0,126400.0,100.0,0.0,0.0,-3753.0
2021-11-01,1034854.0,1014866.0,356127.0,470519.0,190010.0,94096.0,-12372.0,-18478.0,1016376.0,-1510.0,1030835.232792161,-4018.767207839004,-15969.232792160996,1043495.811023553,-28629.811023552964,5,470519.0,93311.0,190010.0,356024.0,-11795.0,-6001.0,909031.0,-17796.0,891235.0,125823.0,103.0,0.0,0.0,785.0
2021-12-01,1014866.0,1002031.0,364546.0,488464.0,199289.0,105799.0,-19988.0,-30428.0,984438.0,17593.0,1006889.383795138,-7976.616204861959,-4858.38379513804,1021224.82173584,-19193.82173584,5,488464.0,107881.0,199068.0,364322.0,-20335.0,-12620.0,888696.0,-32955.0,855741.0,126170.0,224.0,0.0,221.0,-2082.0
2022-01-01,1002031.0,987398.0,354968.0,479498.0,198315.0,103967.0,-12835.0,-30182.0,971849.0,15549.0,994253.1960133514,-7777.803986648499,-6855.196013351501,1009362.8300611109,-21964.830061110926,5,479498.0,103759.0,197873.0,354716.0,-12514.0,-18154.0,876182.0,-30668.0,845514.0,125849.0,252.0,0.0,442.0,208.0
2022-02-01,987398.0,980268.0,321023.0,431124.0,172472.0,90838.0,-14633.0,-28467.0,958931.0,21337.0,985127.2137289126,-2270.7862710874188,-4859.213728912581,998535.0287158154,-18267.028715815428,5,431124.0,92653.0,172325.0,321080.0,-14593.0,-15779.0,861589.0,-30372.0,831217.0,125809.0,-57.0,0.0,147.0,-1815.0
2022-03-01,980268.0,965248.0,368540.0,491251.0,198924.0,99075.0,-7130.0,-22862.0,957406.0,7842.0,976853.4774109372,-3414.522589062819,-11605.477410937181,992368.2078890416,-27120.207889041583,5,491251.0,102883.0,198883.0,368134.0,-18470.0,-8647.0,843119.0,-27117.0,816002.0,137149.0,406.0,0.0,41.0,-3808.0
2022-04-01,965248.0,938174.0,354888.0,469449.0,181787.0,105141.0,-15020.0,-37915.0,927333.0,10841.0,960315.1653281414,-4932.834671858644,-22141.165328141356,977590.8240523571,-39416.82405235717,5,469449.0,97178.0,181770.0,354365.0,-13468.0,-17024.0,829651.0,-30492.0,799159.0,135597.0,523.0,0.0,17.0,7963.0
2022-05-01,938174.0,911123.0,364487.0,503402.0,191072.0,102472.0,-27074.0,-50315.0,887859.0,23264.0,931030.2238013332,-7143.776198666751,-19907.22380133325,949619.1890515181,-38496.18905151816,5,503402.0,106708.0,191050.0,363992.0,-29600.0,-25468.0,800051.0,-55068.0,744983.0,138123.0,495.0,0.0,22.0,-4236.0
2022-06-01,911123.0,892081.0,357573.0,497130.0,194211.0,103626.0,-27051.0,-48972.0,862151.0,29930.0,904369.3587731208,-6753.6412268791955,-12288.358773120804,924897.0842934641,-32816.084293464046,5,497130.0,107154.0,194195.0,357385.0,-24864.0,-27840.0,775187.0,-52704.0,722483.0,135936.0,188.0,0.0,16.0,-3528.0
2022-07-01,892081.0,864842.0,372278.0,507098.0,204511.0,114088.0,-19042.0,-44397.0,847684.0,17158.0,883459.3409045093,-8621.65909549069,-18617.34090450931,906655.2341110054,-41813.234111005455,5,507098.0,117665.0,204719.0,371739.0,-18604.0,-29701.0,756583.0,-48305.0,708278.0,135498.0,539.0,0.0,-208.0,-3577.0
2022-08-01,864842.0,845393.0,376168.0,509258.0,196325.0,110496.0,-27239.0,-47261.0,817581.0,27812.0,858322.4808526188,-6519.519147381093,-12929.480852618908,882668.7701415083,-37275.770141508314,5,509258.0,113235.0,196232.0,375798.0,-28327.0,-22136.0,728256.0,-50463.0,677793.0,136586.0,370.0,0.0,93.0,-2739.0
2022-09-01,845393.0,838247.0,372877.0,484236.0,188070.0,111469.0,-19449.0,-34758.0,810635.0,27612.0,841724.3630057215,-3668.636994278546,-3477.363005721454,867828.8980475265,-29581.89804752647,5,484236.0,105163.0,188048.0,373159.0,-19595.0,-8597.0,708661.0,-28192.0,680469.0,136732.0,-282.0,0.0,22.0,6306.0
2022-10-01,838247.0,805040.0,385701.0,489050.0,193422.0,124065.0,-7146.0,-33992.0,804255.0,785.0,832693.3539689841,-5553.646031015935,-27653.353968984065,860440.9370994349,-55400.93709943493,5,489050.0,128530.0,193347.0,385369.0,-7015.0,-31849.0,701646.0,-38864.0,662782.0,136601.0,332.0,0.0,75.0,-4465.0
2022-11-01,805040.0,802132.0,374794.0,493514.0,187582.0,123164.0,-33207.0,-54302.0,750738.0,51394.0,796490.6545835452,-8549.345416454818,5641.345416454818,788703.4409465572,13428.55905344282,5,493514.0,121265.0,187292.0,374003.0,-33241.0,-20243.0,668405.0,-53484.0,614921.0,136635.0,791.0,0.0,290.0,1899.0
2022-12-01,802132.0,830738.0,378246.0,476685.0,185982.0,116915.0,-2908.0,-29372.0,772760.0,57978.0,802643.7104626568,511.71046265671885,28094.28953734328,792199.6192290602,38538.380770939795,5,476685.0,119432.0,185694.0,377429.0,-3182.0,-29812.0,665223.0,-32994.0,632229.0,136909.0,817.0,0.0,288.0,-2517.0
2023-01-01,830738.0,843948.0,391844.0,467683.0,195312.0,105686.0,28606.0,13787.0,844525.0,-577.0,837778.6120933966,7040.612093396565,6169.387906603435,826477.7881452016,17470.211854798305,5,467683.0,108933.0,195607.0,390928.0,29511.0,-19592.0,694734.0,9919.0,704653.0,136004.0,916.0,0.0,-295.0,-3247.0
2023-02-01,843948.0,836394.0,353387.0,423517.0,185661.0,115165.0,13210.0,366.0,844314.0,-7920.0,845414.1651288879,1466.1651288879211,-9020.165128887922,836264.0569311671,129.94306883283753,5,423517.0,111934.0,184689.0,352534.0,12551.0,-10779.0,707285.0,1772.0,709057.0,136663.0,853.0,0.0,972.0,3231.0
2023-03-01,836394.0,823350.0,398881.0,480888.0,195397.0,136788.0,-7554.0,-23398.0,812996.0,10354.0,830975.7150562268,-5418.284943773256,-7625.715056226745,822460.1500108097,889.8499891903066,5,480888.0,150234.0,196086.0,397280.0,-4759.0,-32997.0,702526.0,-37756.0,664770.0,133868.0,1601.0,0.0,-689.0,-13446.0
2023-04-01,823350.0,815009.0,382024.0,475195.0,186608.0,124106.0,-13044.0,-30669.0,792681.0,22328.0,816859.7258100166,-6490.274189983353,-1850.7258100166473,808459.0952102428,6549.904789757249,5,475195.0,120269.0,185821.0,380410.0,-13001.0,-16232.0,689525.0,-29233.0,660292.0,133825.0,1614.0,0.0,787.0,3837.0
2023-05-01,815009.0,801873.0,394700.0,502666.0,200407.0,119232.0,-8341.0,-26791.0,788218.0,13655.0,808584.2775978309,-6424.722402169165,-6711.277597830835,799089.6487511375,2783.35124886244,5,502666.0,117467.0,200556.0,394619.0,-8429.0,-16529.0,681096.0,-24958.0,656138.0,133913.0,81.0,0.0,-149.0,1765.0
2023-06-01,801873.0,787401.0,383611.0,492184.0,195529.0,117401.0,-13136.0,-30445.0,771428.0,15973.0,796656.189538218,-5216.810461782117,-9255.189538217883,786306.6074946605,1094.3925053393941,5,492184.0,114618.0,194814.0,385967.0,-13290.0,-12731.0,667806.0,-26021.0,641785.0,134067.0,-2356.0,0.0,715.0,2783.0
2023-07-01,787401.0,767631.0,400286.0,515467.0,195465.0,121599.0,-14472.0,-41315.0,746086.0,21545.0,783427.9867650212,-3973.013234978759,-15796.98676502124,773065.3919193824,-5434.391919382302,5,515467.0,118874.0,194899.0,400994.0,-14652.0,-23796.0,653154.0,-38448.0,614706.0,134247.0,-708.0,0.0,566.0,2725.0
2023-08-01,767631.0,769139.0,402974.0,517374.0,216654.0,136582.0,-19770.0,-34328.0,733303.0,35836.0,760783.4529404632,-6847.547059536742,8355.547059536742,750736.4548801238,18402.545119876075,5,517374.0,128387.0,217594.0,404469.0,-19610.0,-4088.0,633544.0,-23698.0,609846.0,134087.0,-1495.0,0.0,-940.0,8195.0
2023-09-01,769139.0,777267.0,395338.0,487179.0,200492.0,124109.0,1508.0,-15458.0,753681.0,23586.0,770869.1592116656,1730.1592116656711,6397.840788334329,760147.1990148864,17119.8009851135,5,487179.0,124719.0,199206.0,395300.0,1102.0,-18494.0,634646.0,-17392.0,617254.0,134493.0,38.0,0.0,1286.0,-610.0
2023-10-01,777267.0,793749.0,409613.0,476064.0,190042.0,127982.0,8128.0,-4391.0,772876.0,20873.0,780990.81666716,3723.8166671600447,12758.183332839955,769977.7226752747,23771.277324725284,5,476064.0,127468.0,190192.0,407615.0,8606.0,-14331.0,643252.0,-5725.0,637527.0,134015.0,1998.0,0.0,-150.0,514.0
2023-11-01,793749.0,781175.0,399470.0,478115.0,207794.0,117868.0,16482.0,11281.0,805030.0,-23855.0,795215.8609708445,1466.860970844511,-14040.860970844511,784422.5232176945,-3247.5232176945465,5,478115.0,119019.0,208036.0,398433.0,16710.0,-7375.0,659962.0,9335.0,669297.0,133787.0,1037.0,0.0,-242.0,-1151.0
2023-12-01,781175.0,786168.0,412206.0,511557.0,199075.0,143273.0,-12574.0,-43549.0,737626.0,48542.0,771735.8237298474,-9439.176270152608,14432.17627015261,762432.051592882,23735.948407117914,5,511557.0,140332.0,198926.0,412547.0,-12654.0,-27762.0,647308.0,-40416.0,606892.0,133867.0,-341.0,0.0,149.0,2941.0
2024-01-01,786168.0,809295.0,388038.0,477240.0,205413.0,120988.0,4993.0,-4777.0,781391.0,27904.0,786531.8957393953,363.89573939524416,22763.104260604756,775778.890382952,33516.10961704793,5,477381.0,125520.0,205447.0,389161.0,4802.0,-13095.0,652110.0,-8293.0,643817.0,134058.0,-1123.0,-141.0,-34.0,-4532.0
2024-02-01,809295.0,811688.0,380738.0,431574.0,189548.0,133204.0,23127.0,5508.0,814803.0,-3115.0,810907.9149754366,1612.9149754365753,780.0850245634247,800933.6239081585,10754.376091841512,5,431574.0,135152.0,189576.0,379960.0,22689.0,-19879.0,674799.0,2810.0,677609.0,134496.0,778.0,0.0,-28.0,-1948.0
2024-03-01,811688.0,831517.0,408900.0,491803.0,191585.0,134325.0,2393.0,-25643.0,786045.0,45472.0,808610.0446813324,-3077.9553186676203,22906.95531866762,799045.4955132448,32471.504486755228,5,491803.0,133305.0,192082.0,408294.0,599.0,-25331.0,675398.0,-24732.0,650666.0,136290.0,606.0,0.0,-497.0,1020.0
2024-04-01,831517.0,825193.0,399416.0,476453.0,197790.0,119728.0,19829.0,1025.0,832542.0,-7349.0,834414.04313497,2897.043134969943,-9221.043134969943,824608.3950188879,584.6049811119447,5,476453.0,123010.0,197341.0,397459.0,19617.0,-24280.0,695015.0,-4663.0,690352.0,136502.0,1957.0,0.0,449.0,-3282.0
2024-05-01,825193.0,813554.0,410939.0,518274.0,218335.0,130714.0,-6324.0,-19714.0,805479.0,8075.0,820570.7130976055,-4622.286902394531,-7016.713097605469,811545.193201419,2008.8067985810994,5,518273.0,127604.0,218720.0,409235.0,-6038.0,-11884.0,688977.0,-17922.0,671055.0,136216.0,1704.0,1.0,-385.0,3110.0
2024-06-01,813554.0,803105.0,397550.0,504469.0,200546.0,124805.0,-11639.0,-31178.0,782376.0,20729.0,810975.1871315625,-2578.8128684375597,-7870.18713156244,801735.1906527214,1369.8093472785931,5,504446.0,126932.0,199924.0,397196.0,-11500.0,-22758.0,677477.0,-34258.0,643219.0,136077.0,354.0,23.0,622.0,-2127.0
2024-07-01,803105.0,797317.0,409580.0,513977.0,220600.0,132147.0,-10449.0,-15944.0,787161.0,10156.0,798535.2349498896,-4569.765050110524,-1218.2349498894764,789196.797546392,8120.202453608112,5,513583.0,129978.0,220808.0,409344.0,-10582.0,-2827.0,666895.0,-13409.0,653486.0,136210.0,236.0,394.0,-208.0,2169.0
2024-08-01,797317.0,798081.0,415726.0,522444.0,196096.0,123530.0,-5788.0,-34152.0,763165.0,34916.0,795684.5659932334,-1632.4340067666599,2396.43400676666,795896.39248186,2184.607518139971,5,522000.0,121129.0,196088.0,414270.0,-5631.0,-27140.0,661264.0,-32771.0,628493.0,136053.0,1456.0,444.0,8.0,2401.0
2024-09-01,798081.0,810983.0,395118.0,486075.0,193656.0,113876.0,764.0,-11177.0,786904.0,24079.0,802568.8278428343,4487.827842834355,8414.172157165645,802263.17681337,8719.823186629994,5,486017.0,111647.0,193678.0,395937.0,1857.0,-9906.0,663121.0,-8049.0,655072.0,134960.0,-819.0,58.0,-22.0,2229.0
2024-10-01,810983.0,813025.0,419428.0,499623.0,196923.0,119808.0,12902.0,-3080.0,807903.0,5122.0,815041.7168695524,4058.716869552456,-2016.716869552456,815481.4398971815,-2456.439897181377,5,499725.0,120008.0,197026.0,417158.0,11988.0,-17537.0,675109.0,-5549.0,669560.0,135874.0,2270.0,-102.0,-103.0,-200.0
2024-11-01,813025.0,806948.0,401875.0,496611.0,197326.0,128658.0,2042.0,-26068.0,786957.0,19991.0,808454.5940167202,-4570.405983279834,-1506.594016720166,809658.6536713069,-2710.6536713068945,5,496611.0,130026.0,197326.0,399412.0,2257.0,-32156.0,677366.0,-29899.0,647467.0,135659.0,2463.0,0.0,0.0,-1368.0
2024-12-01,806948.0,813846.0,416555.0,519936.0,203277.0,116312.0,-6077.0,-16416.0,790532.0,23314.0,805682.8354285852,-1265.1645714148208,8163.164571414822,806290.6500574778,7555.349942522309,5,519936.0,119361.0,203277.0,416988.0,-5809.0,-13223.0,671557.0,-19032.0,652525.0,135391.0,-433.0,0.0,0.0,-3049.0
2025-01-01,813846.0,825099.0,407352.0,487847.0,206130.0,121858.0,6544.0,3777.0,817623.0,7476.0,817379.0280318236,3533.0280318236,7719.9719681764,817101.4962672961,7997.503732703848,5,487847.0,121859.0,206130.0,407537.0,6549.0,-2588.0,678106.0,3961.0,682067.0,135740.0,-185.0,0.0,0.0,-1.0
2025-02-01,825099.0,828398.0,370707.0,430007.0,169259.0,120235.0,11253.0,-10276.0,814823.0,13575.0,828854.5912112193,3755.5912112194,-456.59121121940007,828945.6674610304,-547.6674610303962,5,430007.0,120236.0,169259.0,368457.0,11256.0,-23783.0,689362.0,-12527.0,676835.0,135737.0,2250.0,0.0,0.0,-1.0
2025-03-01,828398.0,834186.0,417041.0,490719.0,178437.0,125346.0,3299.0,-20587.0,807811.0,26375.0,829131.1711845323,733.171184532378,5054.828815467622,829874.070722418,4311.929277582021,5,490719.0,125346.0,178437.0,418136.0,-5654.0,-13838.0,683708.0,-19492.0,664216.0,144690.0,-1095.0,0.0,0.0,0.0
2025-04-01,834186.0,832586.0,403969.0,482718.0,181002.0,116501.0,5788.0,-14248.0,819938.0,12648.0,835195.0196156605,1009.0196156605598,-2609.01961566056,835852.4987141299,-3266.4987141299225,5,482718.0,116501.0,181002.0,404053.0,5794.0,-19958.0,689502.0,-14164.0,675338.0,144684.0,-84.0,0.0,0.0,0.0
2025-05-01,832586.0,816909.0,416844.0,518431.0,194042.0,112495.0,-1600.0,-20040.0,812546.0,4363.0,832146.1263170457,-439.873682954345,-15237.126317045655,832420.7457923096,-15511.745792309663,5,518431.0,112494.0,194042.0,416855.0,-1605.0,-18423.0,687897.0,-20028.0,667869.0,144689.0,-11.0,0.0,0.0,1.0
2025-06-01,816909.0,823162.0,408314.0,512858.0,184939.0,112872.0,-15677.0,-32477.0,784432.0,38730.0,818163.9470644845,1254.9470644844132,4998.052935515587,817987.0629030933,5174.937096906722,5,512858.0,112873.0,184939.0,407397.0,-15674.0,-17721.0,672223.0,-33395.0,638828.0,144686.0,917.0,0.0,0.0,-1.0
2025-07-01,823162.0,822235.0,424926.0,526987.0,196174.0,109110.0,6253.0,-14997.0,808165.0,14070.0,828694.3304896327,5532.330489632586,-6459.330489632586,828049.2453553713,-5814.245355371251,5,526987.0,109110.0,196174.0,422891.0,6253.0,-23285.0,678476.0,-17032.0,661444.0,144686.0,2035.0,0.0,0.0,0.0
2025-08-01,822235.0,814836.0,428114.0,525210.0,194769.0,124762.0,-927.0,-27089.0,795146.0,19690.0,823824.1877636714,1589.187763671448,-8988.187763671449,823882.5754649584,-9046.575464958467,5,525210.0,110741.0,194769.0,427610.0,-925.0,-12647.0,677551.0,-13572.0,663979.0,144684.0,504.0,0.0,0.0,14021.0
2025-09-01,814836.0,830588.0,414845.0,493933.0,192039.0,130150.0,-7399.0,-17199.0,797637.0,32951.0,817296.0440526988,2460.044052698827,13291.955947301172,817639.4999494288,12948.500050571129,5,493933.0,131098.0,192039.0,415333.0,-7400.0,-10259.0,670151.0,-17659.0,652492.0,144685.0,-488.0,0.0,0.0,-948.0
2025-10-01,830588.0,832486.0,429778.0,481299.0,182832.0,136779.0,15752.0,-5468.0,825120.0,7366.0,834225.7942628706,3637.794262870534,-1739.794262870534,834830.8804764528,-2344.8804764527513,5,481299.0,127961.0,182832.0,429983.0,15755.0,-12200.0,685906.0,3555.0,689461.0,144682.0,-205.0,0.0,0.0,8818.0
2025-11-01,832486.0,824701.0,413676.0,498828.0,173404.0,116634.0,1898.0,-28382.0,804104.0,20597.0,836351.6411623524,3865.641162352429,-11650.64116235243,836295.3062250214,-11594.306225021384,5,498828.0,116633.0,173404.0,413457.0,1894.0,-30494.0,687800.0,-28600.0,659200.0,144686.0,219.0,0.0,0.0,1.0
2025-12-01,824701.0,821356.0,423356.0,526549.0,198699.0,128518.0,-7785.0,-33012.0,791689.0,29667.0,821128.8906068275,-3572.1093931725627,227.1093931725627,822036.3419269944,-680.3419269943297,5,526549.0,128516.0,198699.0,423302.0,-7777.0,-25287.0,680023.0,-33064.0,646959.0,144678.0,54.0,0.0,0.0,2.0
2026-01-01,821356.0,850349.0,412455.0,506378.0,200538.0,121580.0,-3345.0,-14965.0,806391.0,43958.0,823448.0736322623,2092.0736322622197,26900.926367737782,823693.174296389,26655.825703611088,5,509507.0,128151.0,197622.0,422009.0,13239.0,-31266.0,693262.0,-18027.0,675235.0,128094.0,-9554.0,-3129.0,2916.0,-6571.0
2026-02-01,850349.0,868249.0,383898.0,445433.0,180799.0,121661.0,28993.0,-2397.0,847952.0,20297.0,856618.4380240358,6269.438024035744,11630.561975964256,856850.9400803262,11398.059919673817,5,,,,,,,,,,,,,,
2026-03-01,868249.0,844697.0,425497.0,508285.0,202613.0,125332.0,17900.0,-5507.0,862742.0,-18045.0,870172.06974077,1923.0697407699736,-25475.069740769974,871156.1647750678,-26459.164775067722,5,,,,,,,,,,,,,,
2026-04-01,844697.0,780584.0,419022.0,484339.0,187705.0,167802.0,-23552.0,-45414.0,799283.0,-18699.0,834134.7575370963,-10562.242462903705,-53550.757537096295,837204.1556865122,-56620.15568651227,5,,,,,,,,,,,,,,
2026-05-01,780584.0,,425149.0,520392.0,184550.0,177579.0,-64113.0,-88272.0,692312.0,,762054.8774691798,-18529.122530820216,,,,5,,,,,,,,,,,,,,
